audio_id,category_dir,duration_bucket,clip_filename,emotion_raw,sheAlert_class,transcription,repo_audio_path,local_audio_path,em_str,em_lower,matched_distress,matched_aggression,matched_normal,suspect_reason
DRAMA_001224,corpus/US-Std/long/drama,long,SPEAKER_0161_DRAMA_001224.wav,"Anxious and concerned, with a pleading quality",Distress,میم میں نے ایسے بہت سے کیسز دیکھے ہیں جہاں ایسی لاوارث لڑکیوں کو لایا جاتا ہے اور ان کا انجام اچھا نہیں ہوتا۔ لڑکی اچھے گھر کی لگتی ہے اگر آپ اس کی مدد کر سکتی ہیں تو مدد کر دیں اللہ آپ کو اس کا اجر دے گا۔ باقی آگے آپ کی مرضی۔,corpus/US-Std/long/drama/audio/SPEAKER_0161_DRAMA_001224.wav,/content/urduspeech_std_download/corpus/US-Std/long/drama/audio/SPEAKER_0161_DRAMA_001224.wav,"Anxious and concerned, with a pleading quality","anxious and concerned, with a pleading quality",['anxious'],[],[],distress_only_anxious
DRAMA_002390,corpus/US-Std/long/drama,long,SPEAKER_0255_DRAMA_002390.wav,Transitions from anxious and worried to forceful self-assurance.,Distress,یہ آج کل قدم قدم پر میرا ماضی کیوں میرے سامنے آکر کھڑا ہونے لگا ہے؟ کہیں کچھ غلط تو نہیں ہونے والا؟ نہیں، نہیں میں سعدیہ ہوں۔ میں جو کرتی ہوں بہت سوچ سمجھ کر کرتی ہوں اور میرا ہر فیصلہ بالکل درست ہوتا ہے۔ ہاں میں جو کر رہی ہوں، بالکل ٹھیک کر رہی ہوں۔,corpus/US-Std/long/drama/audio/SPEAKER_0255_DRAMA_002390.wav,/content/urduspeech_std_download/corpus/US-Std/long/drama/audio/SPEAKER_0255_DRAMA_002390.wav,Transitions from anxious and worried to forceful self-assurance.,transitions from anxious and worried to forceful self-assurance.,['anxious'],[],[],distress_only_anxious
DRAMA_002632,corpus/US-Std/long/drama,long,SPEAKER_0268_DRAMA_002632.wav,Moves from anxious and worried contemplation to determined self-reassurance and resolve,Distress,یہ آج کل قدم قدم پر میرا ماضی کیوں میرے سامنے آکر کھڑا ہونے لگا ہے؟ کہیں کچھ غلط تو نہیں ہونے والا؟ نہیں، نہیں۔ میں سعدیہ ہوں۔ میں جو کرتی ہوں بہت سوچ سمجھ کر کرتی ہوں اور میرا ہر فیصلہ بالکل درست ہوتا ہے۔ ہاں۔ میں جو کر رہی ہوں بالکل ٹھیک کر رہی ہوں۔,corpus/US-Std/long/drama/audio/SPEAKER_0268_DRAMA_002632.wav,/content/urduspeech_std_download/corpus/US-Std/long/drama/audio/SPEAKER_0268_DRAMA_002632.wav,Moves from anxious and worried contemplation to determined self-reassurance and resolve,moves from anxious and worried contemplation to determined self-reassurance and resolve,['anxious'],[],[],distress_only_anxious
DRAMA_002871,corpus/US-Std/long/drama,long,SPEAKER_0284_DRAMA_002871.wav,anxious and worried,Distress,پاپا پتہ نہیں کیوں مجھے تو نا بہت ٹینشن ہو رہی ہے۔ پتہ نہیں اب آگے کیا ہونے والا ہے۔ ارے کچھ نہیں ہوگا اللہ سب اچھا کرے گا تم ٹینشن نہیں لو بس۔ مجھے تو سمجھ نہیں آ رہی کہ یہ نیاز صاحب واپس کیوں آ گئے؟ نہیں آتے تو اچھا تھا۔ ارے کیا,corpus/US-Std/long/drama/audio/SPEAKER_0284_DRAMA_002871.wav,/content/urduspeech_std_download/corpus/US-Std/long/drama/audio/SPEAKER_0284_DRAMA_002871.wav,anxious and worried,anxious and worried,['anxious'],[],[],distress_only_anxious
DRAMA_003150,corpus/US-Std/long/drama,long,SPEAKER_0299_DRAMA_003150.wav,anxious and concerned,Distress,امی کو ہٹاؤ ادھر سے۔ میں ہوں نا امی کی ٹینشن نہ لینے کے لیے۔ تم یہ ٹینشن لو کہ اگر ہم ٹائم پہ نہ نکلے تو وہ لوگ پیچھے سے ناشتہ نہ کر لیں۔ پھر کیا فائدہ جانے کا؟ سمجھ رہی ہو؟,corpus/US-Std/long/drama/audio/SPEAKER_0299_DRAMA_003150.wav,/content/urduspeech_std_download/corpus/US-Std/long/drama/audio/SPEAKER_0299_DRAMA_003150.wav,anxious and concerned,anxious and concerned,['anxious'],[],[],distress_only_anxious
DRAMA_006536,corpus/US-Std/long/drama,long,SPEAKER_0580_DRAMA_006536.wav,"Anxious and flustered, shifting to defensive frustration",Distress,نہیں پتا چلے نا ارے کیوں نہیں پتا چلے گا آپ میری بات کو سمجھ نہیں رہی میرا موبائل فون اور والٹ دونوں ڈائننگ ٹیبل پر ہیں اچھا چلو میں کوئی نہ کوئی بہانہ بنا کر یہ کہہ دوں گا کہ کہ میں کہ میں جلدی میں بھول گیا مگر وہ کھانے کے برتن وہیں پڑے ہوئے ہیں اس کا میں کیا جواب دوں گا,corpus/US-Std/long/drama/audio/SPEAKER_0580_DRAMA_006536.wav,/content/urduspeech_std_download/corpus/US-Std/long/drama/audio/SPEAKER_0580_DRAMA_006536.wav,"Anxious and flustered, shifting to defensive frustration","anxious and flustered, shifting to defensive frustration",['anxious'],[],[],distress_only_anxious
DRAMA_011848,corpus/US-Std/long/drama,long,SPEAKER_1246_DRAMA_011848.wav,"Anxious and insistent, conveying a sense of urgency.",Distress,امی کو نہ رونے دیں میں ہوں نا امی کی ٹینشن نہ لینے کے لیے تم یہ ٹینشن لو کہ اگر ہم ٹائم پہ نہ نکلیں تو لوگ پیچھے سے ناشتہ نہ کر لیں پھر کیا فائدہ جانے کا سمجھ رہی ہو,corpus/US-Std/long/drama/audio/SPEAKER_1246_DRAMA_011848.wav,/content/urduspeech_std_download/corpus/US-Std/long/drama/audio/SPEAKER_1246_DRAMA_011848.wav,"Anxious and insistent, conveying a sense of urgency.","anxious and insistent, conveying a sense of urgency.",['anxious'],[],[],distress_only_anxious
DRAMA_013456,corpus/US-Std/long/drama,long,SPEAKER_1403_DRAMA_013456.wav,Anxious and concerned,Distress,ہاں شاہویز انابیہ نا بالکل ٹھیک کہہ رہی ہے تم بھی اپنی نظر اتروا لو میں ایک کام کرتی ہوں میں مرچیں لے کر آتی ہوں پھر,corpus/US-Std/long/drama/audio/SPEAKER_1403_DRAMA_013456.wav,/content/urduspeech_std_download/corpus/US-Std/long/drama/audio/SPEAKER_1403_DRAMA_013456.wav,Anxious and concerned,anxious and concerned,['anxious'],[],[],distress_only_anxious
DRAMA_007549,corpus/US-Std/long/drama,long,SPEAKER_0727_DRAMA_007549.wav,shifts from anxiousness to defiant annoyance and culminates in spiteful determination,Distress,تو ٹینشن ہو رہی ہے کہ کہیں آپ کے ساتھ ساتھ میری بھی شامت نہ آ جائے۔ ارے غصہ آیا تو رہے۔ میں کیا کروں؟ سارے جہان کا درد نہ انہی کے جگر میں رہتا ہے۔ لیکن میں ان سے کوئی نہیں ڈرنے والی۔ اب میں بھی تمہاری طرح بڑی گاڑی میں گھوموں گی۔ اور وہ جو فرح ہے نا جو اتنی اتراتی پھرتی ہے اپنے پیسے پر اس کو جلاؤں گی۔,corpus/US-Std/long/drama/audio/SPEAKER_0727_DRAMA_007549.wav,/content/urduspeech_std_download/corpus/US-Std/long/drama/audio/SPEAKER_0727_DRAMA_007549.wav,shifts from anxiousness to defiant annoyance and culminates in spiteful determination,shifts from anxiousness to defiant annoyance and culminates in spiteful determination,['anxious'],[],[],distress_only_anxious
DRAMA_008149,corpus/US-Std/long/drama,long,SPEAKER_0788_DRAMA_008149.wav,anxious and concerned,Distress,so نیرو کی کال تھی کہہ رہی تھی کہ اچانک ماموں کی طبیعت خراب ہو گئی ہے تو ممانی انہیں لے کے ہاسپٹل گئی ہیں۔ مریم ہم یونیورسٹی نہیں جا رہے ہم گھر جا رہے ہیں ٹھیک ہے میں امی کو لے کے پھر میں جاؤں گا ہاسپٹل,corpus/US-Std/long/drama/audio/SPEAKER_0788_DRAMA_008149.wav,/content/urduspeech_std_download/corpus/US-Std/long/drama/audio/SPEAKER_0788_DRAMA_008149.wav,anxious and concerned,anxious and concerned,['anxious'],[],[],distress_only_anxious
DRAMA_009280,corpus/US-Std/long/drama,long,SPEAKER_0916_DRAMA_009280.wav,mildly anxious and justificatory,Distress,ہمم ہاں اب ظاہر سی بات ہے آپی وہ تو خود ملنے آنا چاہیے تھی لیکن گھر پہ بھی تو کوئی رہنا چاہیے تھا نا اس لیے وہ وہیں رک گئی۔ اچھا؟ ادھر دیکھو,corpus/US-Std/long/drama/audio/SPEAKER_0916_DRAMA_009280.wav,/content/urduspeech_std_download/corpus/US-Std/long/drama/audio/SPEAKER_0916_DRAMA_009280.wav,mildly anxious and justificatory,mildly anxious and justificatory,['anxious'],[],[],distress_only_anxious
DRAMA_006293,corpus/US-Std/long/drama,long,SPEAKER_0556_DRAMA_006293.wav,anxious and deeply concerned,Distress,میں تمہیں اتنی خطرناک جگہ پر اکیلے نہیں جانے دوں گی بولو۔ ہم اس وقت ایسی صورتحال میں ہیں کہ کون کس نیت سے مل رہا ہے ہمیں کچھ معلوم نہیں۔,corpus/US-Std/long/drama/audio/SPEAKER_0556_DRAMA_006293.wav,/content/urduspeech_std_download/corpus/US-Std/long/drama/audio/SPEAKER_0556_DRAMA_006293.wav,anxious and deeply concerned,anxious and deeply concerned,['anxious'],[],[],distress_only_anxious
DRAMA_006662,corpus/US-Std/long/drama,long,SPEAKER_0598_DRAMA_006662.wav,"Begins with apprehension and nervousness, quickly shifting to flustered and anxious when questioned.",Distress,روبینہ سے روبی؟ دیکھیں سمینہ، میں میں صرف یہ جاننا چاہتی تھی کہ کیا جاننا چاہ رہی تھی؟ صاف صاف بولو کہ شاہ عالم نے تمہیں بھیجا ہے۔ نہیں نہیں، مجھے کسی نے نہیں بھیجا۔ میں بس یہ جاننا چاہتی تھی کہ آپ ان کو بھولی ہیں یا نہیں۔ اگر نہیں بھولی تو؟,corpus/US-Std/long/drama/audio/SPEAKER_0598_DRAMA_006662.wav,/content/urduspeech_std_download/corpus/US-Std/long/drama/audio/SPEAKER_0598_DRAMA_006662.wav,"Begins with apprehension and nervousness, quickly shifting to flustered and anxious when questioned.","begins with apprehension and nervousness, quickly shifting to flustered and anxious when questioned.",['anxious'],[],[],distress_only_anxious
DRAMA_009966,corpus/US-Std/long/drama,long,SPEAKER_1007_DRAMA_009966.wav,"Anxious and exasperated, escalating to frantic desperation",Distress,ارے کیوں نہیں پتہ چلے گا آپ میری بات کو سمجھ نہیں رہی میرا موبائل فون اور والٹ دونوں ڈائننگ ٹیبل پر ہیں اچھا چلو میں کوئی نہ کوئی بہانہ بنا کر یہ کہہ دوں گا کہ کہ میں کہ میں جلدی میں بھول گیا مگر وہ کھانے کے برتن وہیں پڑے ہوئے ہیں اس کا میں کیا جواب دوں گا,corpus/US-Std/long/drama/audio/SPEAKER_1007_DRAMA_009966.wav,/content/urduspeech_std_download/corpus/US-Std/long/drama/audio/SPEAKER_1007_DRAMA_009966.wav,"Anxious and exasperated, escalating to frantic desperation","anxious and exasperated, escalating to frantic desperation",['anxious'],[],[],distress_only_anxious
FILM_000187,corpus/US-Std/long/film,long,SPEAKER_0024_FILM_000187.wav,Shifts from inquisitive to anxious and desperate,Distress,ویسے یار اگلی بار نا عبداللہ شاہ غازی کے مزار پہ جا کے لڑکی ڈھونڈیں گے۔ وہ کیوں؟ یار وہاں لڑکیوں نے چپل نہیں پہنی ہوتی نا۔ ایک ماسٹر یار کچھ کر، ایک دن گزرنے والا ہے۔,corpus/US-Std/long/film/audio/SPEAKER_0024_FILM_000187.wav,/content/urduspeech_std_download/corpus/US-Std/long/film/audio/SPEAKER_0024_FILM_000187.wav,Shifts from inquisitive to anxious and desperate,shifts from inquisitive to anxious and desperate,['anxious'],[],[],distress_only_anxious
FILM_002538,corpus/US-Std/long/film,long,SPEAKER_0184_FILM_002538.wav,"Worried and anxious, escalating to apprehension",Distress,ہاں جی۔ پانی سر سے گزر چکا ہے۔ کچھ کرنا ہوگا۔ اور پھر ہماری پلوشہ کی مہندی بھی ہے۔ اگر اس دوران کچھ ہوگیا تو؟,corpus/US-Std/long/film/audio/SPEAKER_0184_FILM_002538.wav,/content/urduspeech_std_download/corpus/US-Std/long/film/audio/SPEAKER_0184_FILM_002538.wav,"Worried and anxious, escalating to apprehension","worried and anxious, escalating to apprehension",['anxious'],[],[],distress_only_anxious
FILM_005975,corpus/US-Std/long/film,long,SPEAKER_0526_FILM_005975.wav,"apologetic and anxious, shifting to nervously eager",Distress,ا ہم آپ سے معافی چاہتے ہیں سر پتہ نہیں اتنے دنوں سے آپ کیا انٹ شنٹ کھا رہے تھے ا آپ ایسا کریں کہ آپ پیزا کھائیں۔ پیزا دو بھائی، پیزا یہ لو ابا جلدی دینا یہ لیجیے سر یہ پیزا کھائیے ہاں کھائیے سر جی بس ارے بہت اچھا ہے بہت اچھا ہے یہ بھی لیں کھائیے کھائیے سر,corpus/US-Std/long/film/audio/SPEAKER_0526_FILM_005975.wav,/content/urduspeech_std_download/corpus/US-Std/long/film/audio/SPEAKER_0526_FILM_005975.wav,"apologetic and anxious, shifting to nervously eager","apologetic and anxious, shifting to nervously eager",['anxious'],[],[],distress_only_anxious
INTERVIEW_001309,corpus/US-Std/long/interview,long,SPEAKER_0027_INTERVIEW_001309.wav,concerned and slightly anxious,Distress,یا پھر لڑکے کے آگے پیچھے کوئی نہیں ہے۔ لڑکی تو بالکل کیسے رہے گی ایسے؟ کون سلجھانے والا ہوگا؟ الگ الگ باتیں سامنے آتی ہیں۔ اس لیے یہ رشتہ مناسب نہیں ہے۔,corpus/US-Std/long/interview/audio/SPEAKER_0027_INTERVIEW_001309.wav,/content/urduspeech_std_download/corpus/US-Std/long/interview/audio/SPEAKER_0027_INTERVIEW_001309.wav,concerned and slightly anxious,concerned and slightly anxious,['anxious'],[],[],distress_only_anxious
INTERVIEW_012790,corpus/US-Std/long/interview,long,SPEAKER_0198_INTERVIEW_012790.wav,"anxious, recounting a stressful and potentially disastrous event",Distress,کہ وہ اس کا تو سٹف ٹوئے مل جاتا اس کو لیکن میرے پاسپورٹس میرے پیسے میری ہر چیز اس کے اندر تھی اچھا وہ اگر چلا جاتا اور کسی کے بھی ہاتھ لگتا اور ایجپٹ جیسی کنٹری ایسے ہی ہے کہ بہت زیادہ ہے تو بہت زیادہ ہے بہت زیادہ یہ چیزیں ہیں وہ تو ایک سیکنڈ میں,corpus/US-Std/long/interview/audio/SPEAKER_0198_INTERVIEW_012790.wav,/content/urduspeech_std_download/corpus/US-Std/long/interview/audio/SPEAKER_0198_INTERVIEW_012790.wav,"anxious, recounting a stressful and potentially disastrous event","anxious, recounting a stressful and potentially disastrous event",['anxious'],[],[],distress_only_anxious
INTERVIEW_012460,corpus/US-Std/long/interview,long,SPEAKER_0199_INTERVIEW_012460.wav,anxious and agitated while recounting a stressful event,Distress,تو میرے تو اور بھی بہت کچھ چل رہا تھا نا دماغ میں آپ کے اتنا سارا کچھ ہے۔ اور میں کشتی لڑوں لٹرلی کہ میں اوپر چڑھ جاؤں۔ پھر وہ کوئی ایک بورڈ کا پیچھے نیچے سے کوئی میرے میاں کو لگا کہ یہ پکڑ لے گی۔ تو وہ میں نے ایسے کر کے نا اس نے بولا بس اس کو پکڑ لو۔,corpus/US-Std/long/interview/audio/SPEAKER_0199_INTERVIEW_012460.wav,/content/urduspeech_std_download/corpus/US-Std/long/interview/audio/SPEAKER_0199_INTERVIEW_012460.wav,anxious and agitated while recounting a stressful event,anxious and agitated while recounting a stressful event,['anxious'],[],[],distress_only_anxious
PROSES_000399,corpus/US-Std/long/proses,long,SPEAKER_0016_PROSES_000399.wav,"Initially reflective and slightly anxious, transitioning to a more defiant and self-reassuring sentiment",Distress,چھپاتا رہا۔ پھر میں نے دل میں کہا کیا عجب یزدانی نے میرے شانے پر ہاتھ رکھنے سے پہلے میری جیب کی سلوٹیں اور وہ روپے کے برابر کوٹ کے رنگ کا پیوند دیکھ لیا ہو۔ اس کا بھی رد عمل شروع ہوا اور میں نے دلیری سے کہا، مجھے کیا پرواہ ہے۔ یزدانی مجھے کون سی تھیلی بخش دے گا؟ اور اس میں بات ہی کیا ہے؟ یزدانی اور سنتا سنگھ نے بارہا مجھ سے کہا ہے کہ وہ رفعت ذہنی کی زیادہ پرواہ کرتے ہیں اور ورسٹڈ کی کم۔ مجھ سے کوئی پوچھے، میں ورسٹڈ کی زیادہ پرواہ کرتا ہوں اور رفعت ذہنی کی کم۔ یزدانی رخصت ہوا اور جب تک وہ نظر سے اوجھل نہ ہو گیا، میں غور سے اس کے کوٹ کے,corpus/US-Std/long/proses/audio/SPEAKER_0016_PROSES_000399.wav,/content/urduspeech_std_download/corpus/US-Std/long/proses/audio/SPEAKER_0016_PROSES_000399.wav,"Initially reflective and slightly anxious, transitioning to a more defiant and self-reassuring sentiment","initially reflective and slightly anxious, transitioning to a more defiant and self-reassuring sentiment",['anxious'],[],[],distress_only_anxious
PROSES_000969,corpus/US-Std/long/proses,long,SPEAKER_0027_PROSES_000969.wav,"Begins with a neutral, narrative composure, shifting to a tone of sudden eagerness and anxious curiosity.",Distress,فجر کی نماز پڑھ کر عبدل کھانستا کھانستا گھر کی جانب پاؤں گھسیٹے جا رہا تھا کہ پٹواری لال دین نے پیچھے سے آواز دی۔ عبدل رک گیا۔ لال دین کہنے لگا، عبدل میں کراچی گیا تھا اپنے بیٹے چراغ دین سے ملنے۔ اس مرتبہ محمد حسین سے بھی ملاقات ہو گئی۔ عبدل کا دل اچھلا اور حلق میں آ پھنسا۔ جلدی سے پوچھا، کہاں رہتے ہیں وہ؟ کس حال میں ہیں؟ سعیدہ کیسا ہے؟ نوری کا کیا حال ہے؟ ایک ہی سانس میں اتنے سوال۔ یہی وہ سارے سوال تھے جو بارہ سالوں سے اس کے سینے کو اندر سے ڈس۔,corpus/US-Std/long/proses/audio/SPEAKER_0027_PROSES_000969.wav,/content/urduspeech_std_download/corpus/US-Std/long/proses/audio/SPEAKER_0027_PROSES_000969.wav,"Begins with a neutral, narrative composure, shifting to a tone of sudden eagerness and anxious curiosity.","begins with a neutral, narrative composure, shifting to a tone of sudden eagerness and anxious curiosity.",['anxious'],[],['neutral'],distress_only_anxious
ROADSIDE_INTERVIEW,corpus/US-Std/long/roadside_interview,long,SPEAKER_0160_ROADSIDE_INTERVIEW_002802.wav,"Anxious and concerned, especially when mentioning the consequences of a wrong decision",Distress,شکر ہے فائنلی۔ تو لیٹس گو۔ آپ بھی میرے ساتھ ساتھ چلیں۔ ویسے یونی شام کو بھی بہت پیاری لگتی ہے۔ اسپیشلی زیادہ شام کو ہی لگتی ہے مجھے تو۔ آپ بتائیں سارے کمنٹ سیکشن میں کہ آپ کو کب مزا آتا ہے یونی میں۔ شام کو آتا تھا یا دن میں آتا تھا۔ اوکے۔ تو یہاں پہ میں اپنا ولاگ ختم کرتی ہوں گائز۔ تھینک یو ویری مچ فار واچنگ اٹ۔ تب تک کے لئے اپنا بہت خیال رکھیں۔ اللہ حافظ۔ بائے بائے۔,corpus/US-Std/long/roadside_interview/audio/SPEAKER_0160_ROADSIDE_INTERVIEW_002802.wav,/content/urduspeech_std_download/corpus/US-Std/long/roadside_interview/audio/SPEAKER_0160_ROADSIDE_INTERVIEW_002802.wav,"Anxious and concerned, especially when mentioning the consequences of a wrong decision","anxious and concerned, especially when mentioning the consequences of a wrong decision",['anxious'],[],[],distress_only_anxious
COMEDY_SHOW,corpus/US-Std/short/comedy_show,short,SPEAKER_0037_COMEDY_SHOW_000955.wav,apprehensive and slightly anxious,Distress,بند کرو یہ سارے لائٹاں کیمرے,corpus/US-Std/short/comedy_show/audio/SPEAKER_0037_COMEDY_SHOW_000955.wav,/content/urduspeech_std_download/corpus/US-Std/short/comedy_show/audio/SPEAKER_0037_COMEDY_SHOW_000955.wav,apprehensive and slightly anxious,apprehensive and slightly anxious,['anxious'],[],[],distress_only_anxious
COMEDY_SHOW,corpus/US-Std/short/comedy_show,short,SPEAKER_0039_COMEDY_SHOW_001018.wav,agitated and anxious,Distress,بند کرو یہ سارے لائٹاں کیمرے,corpus/US-Std/short/comedy_show/audio/SPEAKER_0039_COMEDY_SHOW_001018.wav,/content/urduspeech_std_download/corpus/US-Std/short/comedy_show/audio/SPEAKER_0039_COMEDY_SHOW_001018.wav,agitated and anxious,agitated and anxious,['anxious'],[],[],distress_only_anxious
COMEDY_SHOW,corpus/US-Std/short/comedy_show,short,SPEAKER_0063_COMEDY_SHOW_001836.wav,"urgent, slightly anxious",Distress,بند کرو یہ سارے لائٹاں کیمرے,corpus/US-Std/short/comedy_show/audio/SPEAKER_0063_COMEDY_SHOW_001836.wav,/content/urduspeech_std_download/corpus/US-Std/short/comedy_show/audio/SPEAKER_0063_COMEDY_SHOW_001836.wav,"urgent, slightly anxious","urgent, slightly anxious",['anxious'],[],[],distress_only_anxious
COMEDY_SHOW,corpus/US-Std/short/comedy_show,short,SPEAKER_0113_COMEDY_SHOW_002878.wav,"Urgent, slightly anxious",Distress,بند کرو یہ سارے لائٹاں کیمرے,corpus/US-Std/short/comedy_show/audio/SPEAKER_0113_COMEDY_SHOW_002878.wav,/content/urduspeech_std_download/corpus/US-Std/short/comedy_show/audio/SPEAKER_0113_COMEDY_SHOW_002878.wav,"Urgent, slightly anxious","urgent, slightly anxious",['anxious'],[],[],distress_only_anxious
COMEDY_SHOW,corpus/US-Std/short/comedy_show,short,SPEAKER_0116_COMEDY_SHOW_003231.wav,Stressed and anxious,Distress,بند کرو یہ سارے لائٹاں کیمرے,corpus/US-Std/short/comedy_show/audio/SPEAKER_0116_COMEDY_SHOW_003231.wav,/content/urduspeech_std_download/corpus/US-Std/short/comedy_show/audio/SPEAKER_0116_COMEDY_SHOW_003231.wav,Stressed and anxious,stressed and anxious,['anxious'],[],[],distress_only_anxious
COMEDY_SHOW,corpus/US-Std/short/comedy_show,short,SPEAKER_0148_COMEDY_SHOW_004043.wav,"Worried and anxious, expressing vulnerability",Distress,بند کرو یہ سارے لائٹاں کیمرے,corpus/US-Std/short/comedy_show/audio/SPEAKER_0148_COMEDY_SHOW_004043.wav,/content/urduspeech_std_download/corpus/US-Std/short/comedy_show/audio/SPEAKER_0148_COMEDY_SHOW_004043.wav,"Worried and anxious, expressing vulnerability","worried and anxious, expressing vulnerability",['anxious'],[],[],distress_only_anxious
COMEDY_SHOW,corpus/US-Std/short/comedy_show,short,SPEAKER_0171_COMEDY_SHOW_004743.wav,Alarmed and anxious,Distress,بند کرو یہ سارے لائٹاں کیمرے,corpus/US-Std/short/comedy_show/audio/SPEAKER_0171_COMEDY_SHOW_004743.wav,/content/urduspeech_std_download/corpus/US-Std/short/comedy_show/audio/SPEAKER_0171_COMEDY_SHOW_004743.wav,Alarmed and anxious,alarmed and anxious,['anxious'],[],[],distress_only_anxious
COMEDY_SHOW,corpus/US-Std/short/comedy_show,short,SPEAKER_0259_COMEDY_SHOW_007898.wav,"Concerned, slightly anxious",Distress,بند کرو یہ سارے لائٹاں کیمرے,corpus/US-Std/short/comedy_show/audio/SPEAKER_0259_COMEDY_SHOW_007898.wav,/content/urduspeech_std_download/corpus/US-Std/short/comedy_show/audio/SPEAKER_0259_COMEDY_SHOW_007898.wav,"Concerned, slightly anxious","concerned, slightly anxious",['anxious'],[],[],distress_only_anxious
COMEDY_SHOW,corpus/US-Std/short/comedy_show,short,SPEAKER_0307_COMEDY_SHOW_009885.wav,"Anxious and desperate, with a hint of impatience.",Distress,بند کرو یہ سارے لائٹاں کیمرے,corpus/US-Std/short/comedy_show/audio/SPEAKER_0307_COMEDY_SHOW_009885.wav,/content/urduspeech_std_download/corpus/US-Std/short/comedy_show/audio/SPEAKER_0307_COMEDY_SHOW_009885.wav,"Anxious and desperate, with a hint of impatience.","anxious and desperate, with a hint of impatience.",['anxious'],[],[],distress_only_anxious
COMEDY_SHOW,corpus/US-Std/short/comedy_show,short,SPEAKER_0255_COMEDY_SHOW_007864.wav,anxious,Distress,بند کرو یہ سارے لائٹاں کیمرے,corpus/US-Std/short/comedy_show/audio/SPEAKER_0255_COMEDY_SHOW_007864.wav,/content/urduspeech_std_download/corpus/US-Std/short/comedy_show/audio/SPEAKER_0255_COMEDY_SHOW_007864.wav,anxious,anxious,['anxious'],[],[],distress_only_anxious
COMEDY_SHOW,corpus/US-Std/short/comedy_show,short,SPEAKER_0281_COMEDY_SHOW_009004.wav,mildly anxious,Distress,بند کرو یہ سارے لائٹاں کیمرے,corpus/US-Std/short/comedy_show/audio/SPEAKER_0281_COMEDY_SHOW_009004.wav,/content/urduspeech_std_download/corpus/US-Std/short/comedy_show/audio/SPEAKER_0281_COMEDY_SHOW_009004.wav,mildly anxious,mildly anxious,['anxious'],[],[],distress_only_anxious
COMEDY_SHOW,corpus/US-Std/short/comedy_show,short,SPEAKER_0244_COMEDY_SHOW_007466.wav,Agitated and anxious,Distress,بند کرو یہ سارے لائٹاں کیمرے,corpus/US-Std/short/comedy_show/audio/SPEAKER_0244_COMEDY_SHOW_007466.wav,/content/urduspeech_std_download/corpus/US-Std/short/comedy_show/audio/SPEAKER_0244_COMEDY_SHOW_007466.wav,Agitated and anxious,agitated and anxious,['anxious'],[],[],distress_only_anxious
COMEDY_SHOW,corpus/US-Std/short/comedy_show,short,SPEAKER_0282_COMEDY_SHOW_008728.wav,Anxious surprise,Distress,بند کرو یہ سارے لائٹاں کیمرے,corpus/US-Std/short/comedy_show/audio/SPEAKER_0282_COMEDY_SHOW_008728.wav,/content/urduspeech_std_download/corpus/US-Std/short/comedy_show/audio/SPEAKER_0282_COMEDY_SHOW_008728.wav,Anxious surprise,anxious surprise,['anxious'],[],[],distress_only_anxious
DRAMA_000000,corpus/US-Std/short/drama,short,SPEAKER_0001_DRAMA_000000.wav,"Concerned, anxious",Distress,نمرہ بہت زیادہ ڈر گئی ہے,corpus/US-Std/short/drama/audio/SPEAKER_0001_DRAMA_000000.wav,/content/urduspeech_std_download/corpus/US-Std/short/drama/audio/SPEAKER_0001_DRAMA_000000.wav,"Concerned, anxious","concerned, anxious",['anxious'],[],[],distress_only_anxious
DRAMA_000010,corpus/US-Std/short/drama,short,SPEAKER_0001_DRAMA_000010.wav,anxious and alarmed,Distress,نمرہ کے دوپٹے میں آگ دیکھ کے ایک لمحے کو میرا بھی دل بند ہو گیا تھا۔,corpus/US-Std/short/drama/audio/SPEAKER_0001_DRAMA_000010.wav,/content/urduspeech_std_download/corpus/US-Std/short/drama/audio/SPEAKER_0001_DRAMA_000010.wav,anxious and alarmed,anxious and alarmed,['anxious'],[],[],distress_only_anxious
DRAMA_000104,corpus/US-Std/short/drama,short,SPEAKER_0005_DRAMA_000104.wav,Anxious and worried,Distress,اگر یہ سب کچھ سن کے ان لوگوں نے حنافہ پہ کیس کر دیا۔,corpus/US-Std/short/drama/audio/SPEAKER_0005_DRAMA_000104.wav,/content/urduspeech_std_download/corpus/US-Std/short/drama/audio/SPEAKER_0005_DRAMA_000104.wav,Anxious and worried,anxious and worried,['anxious'],[],[],distress_only_anxious
DRAMA_000219,corpus/US-Std/short/drama,short,SPEAKER_0025_DRAMA_000219.wav,anxious and worried,Distress,تم انابیہ کو مجھ سے زیادہ نہیں جانتی اگر واقعی گاڑی لے کر چلی گئی نا تو مجھے اکیلے واپس جانا پڑے گا,corpus/US-Std/short/drama/audio/SPEAKER_0025_DRAMA_000219.wav,/content/urduspeech_std_download/corpus/US-Std/short/drama/audio/SPEAKER_0025_DRAMA_000219.wav,anxious and worried,anxious and worried,['anxious'],[],[],distress_only_anxious
DRAMA_000224,corpus/US-Std/short/drama,short,SPEAKER_0028_DRAMA_000224.wav,Anxious and persuasive,Distress,وکالت کی ڈگری نا ڈاکٹری سے بھی مشکل ہوتی ہے سالوں لگ جاتے ہیں پاس ہونے میں ایسے ہی پوری بات سمجھانی ہے امی کو کچھ نہیں کہتی امی پچھلی باری فیل ہوئی تھی کچھ کہا تھا,corpus/US-Std/short/drama/audio/SPEAKER_0028_DRAMA_000224.wav,/content/urduspeech_std_download/corpus/US-Std/short/drama/audio/SPEAKER_0028_DRAMA_000224.wav,Anxious and persuasive,anxious and persuasive,['anxious'],[],[],distress_only_anxious
DRAMA_000304,corpus/US-Std/short/drama,short,SPEAKER_0034_DRAMA_000304.wav,alarmed and anxious,Distress,ٹھیک ہے خود سے ہنس کے، پھر تو,corpus/US-Std/short/drama/audio/SPEAKER_0034_DRAMA_000304.wav,/content/urduspeech_std_download/corpus/US-Std/short/drama/audio/SPEAKER_0034_DRAMA_000304.wav,alarmed and anxious,alarmed and anxious,['anxious'],[],[],distress_only_anxious
DRAMA_000371,corpus/US-Std/short/drama,short,SPEAKER_0042_DRAMA_000371.wav,anxious and resigned,Distress,کچھ نہیں کہتی امی۔ پچھلی بار بھی فیل ہوئی تھی۔,corpus/US-Std/short/drama/audio/SPEAKER_0042_DRAMA_000371.wav,/content/urduspeech_std_download/corpus/US-Std/short/drama/audio/SPEAKER_0042_DRAMA_000371.wav,anxious and resigned,anxious and resigned,['anxious'],[],[],distress_only_anxious
DRAMA_000397,corpus/US-Std/short/drama,short,SPEAKER_0049_DRAMA_000397.wav,"Anxious, fretful",Distress,میں تو کہہ دوں گی امی جی سے کہ میرے پاس ہی نہ آئیں رخصتی کے وقت۔ رونا نکل گیا۔,corpus/US-Std/short/drama/audio/SPEAKER_0049_DRAMA_000397.wav,/content/urduspeech_std_download/corpus/US-Std/short/drama/audio/SPEAKER_0049_DRAMA_000397.wav,"Anxious, fretful","anxious, fretful",['anxious'],[],[],distress_only_anxious
DRAMA_000522,corpus/US-Std/short/drama,short,SPEAKER_0063_DRAMA_000522.wav,mildly anxious or surprised,Distress,مجھے لگا چھوڑ کر بھاگ گیا,corpus/US-Std/short/drama/audio/SPEAKER_0063_DRAMA_000522.wav,/content/urduspeech_std_download/corpus/US-Std/short/drama/audio/SPEAKER_0063_DRAMA_000522.wav,mildly anxious or surprised,mildly anxious or surprised,['anxious'],[],[],distress_only_anxious
DRAMA_000929,corpus/US-Std/short/drama,short,SPEAKER_0115_DRAMA_000929.wav,anxious and speculative,Distress,کہہ رہی تھی کہ وہ گھر پر نہیں ہوگا باہر کسی کو لے کر گیا ہوگا,corpus/US-Std/short/drama/audio/SPEAKER_0115_DRAMA_000929.wav,/content/urduspeech_std_download/corpus/US-Std/short/drama/audio/SPEAKER_0115_DRAMA_000929.wav,anxious and speculative,anxious and speculative,['anxious'],[],[],distress_only_anxious
DRAMA_000928,corpus/US-Std/short/drama,short,SPEAKER_0120_DRAMA_000928.wav,insistent and slightly anxious,Distress,کہہ رہی تھی نا میں گھر میں صرف میں اور آپ ہیں اور کوئی نہیں ہے۔ ہاں تو میں تو پہلے ہی,corpus/US-Std/short/drama/audio/SPEAKER_0120_DRAMA_000928.wav,/content/urduspeech_std_download/corpus/US-Std/short/drama/audio/SPEAKER_0120_DRAMA_000928.wav,insistent and slightly anxious,insistent and slightly anxious,['anxious'],[],[],distress_only_anxious
DRAMA_001001,corpus/US-Std/short/drama,short,SPEAKER_0129_DRAMA_001001.wav,"anxious, concerned",Distress,ڈاکٹر صاحب میں ادھر ہی دیکھ رہی تھی,corpus/US-Std/short/drama/audio/SPEAKER_0129_DRAMA_001001.wav,/content/urduspeech_std_download/corpus/US-Std/short/drama/audio/SPEAKER_0129_DRAMA_001001.wav,"anxious, concerned","anxious, concerned",['anxious'],[],[],distress_only_anxious
DRAMA_001068,corpus/US-Std/short/drama,short,SPEAKER_0134_DRAMA_001068.wav,concerned and slightly anxious,Distress,بلو کہہ رہا تھا کہ میں نے گھر کی مرمت کرائی ہے اس لیے کہ سونیا دلہن بن کر اسی گھر میں آئے گی۔,corpus/US-Std/short/drama/audio/SPEAKER_0134_DRAMA_001068.wav,/content/urduspeech_std_download/corpus/US-Std/short/drama/audio/SPEAKER_0134_DRAMA_001068.wav,concerned and slightly anxious,concerned and slightly anxious,['anxious'],[],[],distress_only_anxious
DRAMA_001157,corpus/US-Std/short/drama,short,SPEAKER_0143_DRAMA_001157.wav,anxious and slightly complaining,Distress,اور اگر میں ان سے فائل مانگوں گی بھی نا مجھے بہت سنائیں گے,corpus/US-Std/short/drama/audio/SPEAKER_0143_DRAMA_001157.wav,/content/urduspeech_std_download/corpus/US-Std/short/drama/audio/SPEAKER_0143_DRAMA_001157.wav,anxious and slightly complaining,anxious and slightly complaining,['anxious'],[],[],distress_only_anxious
DRAMA_001187,corpus/US-Std/short/drama,short,SPEAKER_0152_DRAMA_001187.wav,hesitant and slightly anxious,Distress,اہ Ma'am آپ کہیں تو میں سامان اندر رکھ دوں؟,corpus/US-Std/short/drama/audio/SPEAKER_0152_DRAMA_001187.wav,/content/urduspeech_std_download/corpus/US-Std/short/drama/audio/SPEAKER_0152_DRAMA_001187.wav,hesitant and slightly anxious,hesitant and slightly anxious,['anxious'],[],[],distress_only_anxious
DRAMA_001450,corpus/US-Std/short/drama,short,SPEAKER_0186_DRAMA_001450.wav,urgent and slightly anxious,Distress,تم گاڑی کے پاس رہنا شور کرے تو مجھے,corpus/US-Std/short/drama/audio/SPEAKER_0186_DRAMA_001450.wav,/content/urduspeech_std_download/corpus/US-Std/short/drama/audio/SPEAKER_0186_DRAMA_001450.wav,urgent and slightly anxious,urgent and slightly anxious,['anxious'],[],[],distress_only_anxious
DRAMA_001745,corpus/US-Std/short/drama,short,SPEAKER_0201_DRAMA_001745.wav,anxious and concerned,Distress,چھوٹے سائیں، آپ کی ان باتوں کا بابا کو پتہ چلے گا ناں تو وہ بڑے سائیں کو شکایت لگا دیں گے۔ اپنے آپ کو سنبھالیں۔,corpus/US-Std/short/drama/audio/SPEAKER_0201_DRAMA_001745.wav,/content/urduspeech_std_download/corpus/US-Std/short/drama/audio/SPEAKER_0201_DRAMA_001745.wav,anxious and concerned,anxious and concerned,['anxious'],[],[],distress_only_anxious
DRAMA_001684,corpus/US-Std/short/drama,short,SPEAKER_0204_DRAMA_001684.wav,Anxious and pleading,Distress,یہ میں اس کی جلدی شادی کروں گا۔,corpus/US-Std/short/drama/audio/SPEAKER_0204_DRAMA_001684.wav,/content/urduspeech_std_download/corpus/US-Std/short/drama/audio/SPEAKER_0204_DRAMA_001684.wav,Anxious and pleading,anxious and pleading,['anxious'],[],[],distress_only_anxious
DRAMA_002171,corpus/US-Std/short/drama,short,SPEAKER_0243_DRAMA_002171.wav,anxious and distrustful,Distress,مجھے بلال پہ بالکل بھروسہ نہیں ہے۔ بالکل نہیں۔,corpus/US-Std/short/drama/audio/SPEAKER_0243_DRAMA_002171.wav,/content/urduspeech_std_download/corpus/US-Std/short/drama/audio/SPEAKER_0243_DRAMA_002171.wav,anxious and distrustful,anxious and distrustful,['anxious'],[],[],distress_only_anxious
DRAMA_002447,corpus/US-Std/short/drama,short,SPEAKER_0257_DRAMA_002447.wav,"Anxious and overwhelmed, expressing helplessness",Distress,اوفوہ پریشانی میں تو میرے ذہن نے کام ہی کرنا چھوڑ دیا ہے۔ پر آپا اب کیا کریں گے ہم اس وقت؟,corpus/US-Std/short/drama/audio/SPEAKER_0257_DRAMA_002447.wav,/content/urduspeech_std_download/corpus/US-Std/short/drama/audio/SPEAKER_0257_DRAMA_002447.wav,"Anxious and overwhelmed, expressing helplessness","anxious and overwhelmed, expressing helplessness",['anxious'],[],[],distress_only_anxious
DRAMA_002374,corpus/US-Std/short/drama,short,SPEAKER_0259_DRAMA_002374.wav,"anxious, pleading",Distress,بس میرے ہونے والی بھابی,corpus/US-Std/short/drama/audio/SPEAKER_0259_DRAMA_002374.wav,/content/urduspeech_std_download/corpus/US-Std/short/drama/audio/SPEAKER_0259_DRAMA_002374.wav,"anxious, pleading","anxious, pleading",['anxious'],[],[],distress_only_anxious
DRAMA_002886,corpus/US-Std/short/drama,short,SPEAKER_0281_DRAMA_002886.wav,Slightly anxious and inquisitive,Distress,مطلب کیا کرنا پڑے گا؟,corpus/US-Std/short/drama/audio/SPEAKER_0281_DRAMA_002886.wav,/content/urduspeech_std_download/corpus/US-Std/short/drama/audio/SPEAKER_0281_DRAMA_002886.wav,Slightly anxious and inquisitive,slightly anxious and inquisitive,['anxious'],[],[],distress_only_anxious
DRAMA_000097,corpus/US-Std/short/drama,short,SPEAKER_0005_DRAMA_000097.wav,"Anxious and frustrated, with an undercurrent of pleading",Distress,مریم اگر تمہاری وجہ سے صاحب جی یا سمرین بی بی میں کوئی بھی بحث ہوتی یا لڑائی جھگڑا ہوتا تو مجھے بالکل اچھا نہیں لگتا۔ اس سے بہتر ہے کہ تم چپ رہو۔ نہیں امی۔,corpus/US-Std/short/drama/audio/SPEAKER_0005_DRAMA_000097.wav,/content/urduspeech_std_download/corpus/US-Std/short/drama/audio/SPEAKER_0005_DRAMA_000097.wav,"Anxious and frustrated, with an undercurrent of pleading","anxious and frustrated, with an undercurrent of pleading",['anxious'],[],[],distress_only_anxious
DRAMA_002609,corpus/US-Std/short/drama,short,SPEAKER_0272_DRAMA_002609.wav,"Anxious and concerned, expressing a sense of urgent pleading",Distress,خدا کا خوف کرو سونیا آپی۔ اس طرح کی بڑی بڑی باتیں مت کیا کرو۔,corpus/US-Std/short/drama/audio/SPEAKER_0272_DRAMA_002609.wav,/content/urduspeech_std_download/corpus/US-Std/short/drama/audio/SPEAKER_0272_DRAMA_002609.wav,"Anxious and concerned, expressing a sense of urgent pleading","anxious and concerned, expressing a sense of urgent pleading",['anxious'],[],[],distress_only_anxious
DRAMA_002908,corpus/US-Std/short/drama,short,SPEAKER_0287_DRAMA_002908.wav,anxious and pleading,Distress,امی اجازت نہیں دے رہی ہیں,corpus/US-Std/short/drama/audio/SPEAKER_0287_DRAMA_002908.wav,/content/urduspeech_std_download/corpus/US-Std/short/drama/audio/SPEAKER_0287_DRAMA_002908.wav,anxious and pleading,anxious and pleading,['anxious'],[],[],distress_only_anxious
DRAMA_003057,corpus/US-Std/short/drama,short,SPEAKER_0289_DRAMA_003057.wav,"agitated, anxious, and slightly exasperated",Distress,کی چچا جان کی افراتفری اور سعدیہ آنٹی نے بھی حد کر دی,corpus/US-Std/short/drama/audio/SPEAKER_0289_DRAMA_003057.wav,/content/urduspeech_std_download/corpus/US-Std/short/drama/audio/SPEAKER_0289_DRAMA_003057.wav,"agitated, anxious, and slightly exasperated","agitated, anxious, and slightly exasperated",['anxious'],[],[],distress_only_anxious
DRAMA_003156,corpus/US-Std/short/drama,short,SPEAKER_0294_DRAMA_003156.wav,anxious and confused,Distress,آپ کس کا سامنا کرنے سے گھبرا رہے ہیں؟ اور اماں آپ کو کیا سمجھانے کی کوشش کر رہی تھیں؟ آپ کی اور اماں کی باتوں نے مجھے الجھا دیا ہے۔,corpus/US-Std/short/drama/audio/SPEAKER_0294_DRAMA_003156.wav,/content/urduspeech_std_download/corpus/US-Std/short/drama/audio/SPEAKER_0294_DRAMA_003156.wav,anxious and confused,anxious and confused,['anxious'],[],[],distress_only_anxious
DRAMA_003199,corpus/US-Std/short/drama,short,SPEAKER_0294_DRAMA_003199.wav,Slightly anxious and hurried,Distress,او ہو بلال جی بس تھوڑا سا انتظار کر لیں نا وہ سونیا کے میکے والے آ رہے ہیں تو آپا نے کہا ہے کہ بس,corpus/US-Std/short/drama/audio/SPEAKER_0294_DRAMA_003199.wav,/content/urduspeech_std_download/corpus/US-Std/short/drama/audio/SPEAKER_0294_DRAMA_003199.wav,Slightly anxious and hurried,slightly anxious and hurried,['anxious'],[],[],distress_only_anxious
DRAMA_003223,corpus/US-Std/short/drama,short,SPEAKER_0294_DRAMA_003223.wav,Impatient and slightly anxious,Distress,پرویز جلدی کریں سب باہر انتظار کر رہے ہیں ہمارا,corpus/US-Std/short/drama/audio/SPEAKER_0294_DRAMA_003223.wav,/content/urduspeech_std_download/corpus/US-Std/short/drama/audio/SPEAKER_0294_DRAMA_003223.wav,Impatient and slightly anxious,impatient and slightly anxious,['anxious'],[],[],distress_only_anxious
DRAMA_003225,corpus/US-Std/short/drama,short,SPEAKER_0294_DRAMA_003225.wav,anxious and concerned,Distress,اچھا کیوں نہیں لگے گا؟ لیکن سب باہر بیٹھے ہیں پتہ نہیں کیا سوچ رہے ہوں گے ہمارے بارے میں۔ جو بھی سوچ رہے ہیں، سوچنے دو نا۔,corpus/US-Std/short/drama/audio/SPEAKER_0294_DRAMA_003225.wav,/content/urduspeech_std_download/corpus/US-Std/short/drama/audio/SPEAKER_0294_DRAMA_003225.wav,anxious and concerned,anxious and concerned,['anxious'],[],[],distress_only_anxious
DRAMA_003297,corpus/US-Std/short/drama,short,SPEAKER_0294_DRAMA_003297.wav,"anxious, concerned",Distress,بھیا ابو ٹھیک تھے نا؟ آپ میری ان سے بات ہی کروا دیتے۔,corpus/US-Std/short/drama/audio/SPEAKER_0294_DRAMA_003297.wav,/content/urduspeech_std_download/corpus/US-Std/short/drama/audio/SPEAKER_0294_DRAMA_003297.wav,"anxious, concerned","anxious, concerned",['anxious'],[],[],distress_only_anxious
DRAMA_003324,corpus/US-Std/short/drama,short,SPEAKER_0294_DRAMA_003324.wav,Concerned and slightly anxious,Distress,تو اور کیا اب خیر سے آپا ہمارے گھر میں بہو بھی آ گئی ہے اسے ان سب باتوں کا پتہ چلے گا تو کیا سوچے گی وہ ہمارے بارے میں؟,corpus/US-Std/short/drama/audio/SPEAKER_0294_DRAMA_003324.wav,/content/urduspeech_std_download/corpus/US-Std/short/drama/audio/SPEAKER_0294_DRAMA_003324.wav,Concerned and slightly anxious,concerned and slightly anxious,['anxious'],[],[],distress_only_anxious
DRAMA_003355,corpus/US-Std/short/drama,short,SPEAKER_0294_DRAMA_003355.wav,"Appears anxious and slightly defensive, attempting to sound casual",Distress,نہیں نہیں امی، انہوں نے کچھ بھی نہیں کہا۔ وہ تو بس تھوڑی دیر کے لیے آئے تھے، چائے پی اور پھر چلے گئے تھے باہر۔ شاید دکان گئے ہوں گے۔ سونیا کیسی تھی؟ پوچھ رہی تھی میرا؟,corpus/US-Std/short/drama/audio/SPEAKER_0294_DRAMA_003355.wav,/content/urduspeech_std_download/corpus/US-Std/short/drama/audio/SPEAKER_0294_DRAMA_003355.wav,"Appears anxious and slightly defensive, attempting to sound casual","appears anxious and slightly defensive, attempting to sound casual",['anxious'],[],[],distress_only_anxious
DRAMA_003368,corpus/US-Std/short/drama,short,SPEAKER_0294_DRAMA_003368.wav,questioning and anxious with a hint of accusation,Distress,اگر ایسا کچھ کہا تھا تو پھر کیا نہیں؟,corpus/US-Std/short/drama/audio/SPEAKER_0294_DRAMA_003368.wav,/content/urduspeech_std_download/corpus/US-Std/short/drama/audio/SPEAKER_0294_DRAMA_003368.wav,questioning and anxious with a hint of accusation,questioning and anxious with a hint of accusation,['anxious'],[],[],distress_only_anxious
DRAMA_003216,corpus/US-Std/short/drama,short,SPEAKER_0297_DRAMA_003216.wav,Concerned and slightly anxious,Distress,دانیا وہ کہہ رہی ہے نا سارہ جا رہی ہے تم,corpus/US-Std/short/drama/audio/SPEAKER_0297_DRAMA_003216.wav,/content/urduspeech_std_download/corpus/US-Std/short/drama/audio/SPEAKER_0297_DRAMA_003216.wav,Concerned and slightly anxious,concerned and slightly anxious,['anxious'],[],[],distress_only_anxious
DRAMA_003151,corpus/US-Std/short/drama,short,SPEAKER_0299_DRAMA_003151.wav,Urgent and anxious,Distress,جلدی جلدی جلدی جلدی جلدی جلدی جلدی اچھا سنو سنو سنو سنو,corpus/US-Std/short/drama/audio/SPEAKER_0299_DRAMA_003151.wav,/content/urduspeech_std_download/corpus/US-Std/short/drama/audio/SPEAKER_0299_DRAMA_003151.wav,Urgent and anxious,urgent and anxious,['anxious'],[],[],distress_only_anxious
DRAMA_003543,corpus/US-Std/short/drama,short,SPEAKER_0302_DRAMA_003543.wav,Anxious and questioning,Distress,ٹھیک ہے. سیکیورٹی کی فکر تھی نہ میری؟ تو پھر وہ فائل مجھے دے کر جاتی. اپنے ساتھ گھر کیوں لے گئی؟,corpus/US-Std/short/drama/audio/SPEAKER_0302_DRAMA_003543.wav,/content/urduspeech_std_download/corpus/US-Std/short/drama/audio/SPEAKER_0302_DRAMA_003543.wav,Anxious and questioning,anxious and questioning,['anxious'],[],[],distress_only_anxious
DRAMA_003494,corpus/US-Std/short/drama,short,SPEAKER_0307_DRAMA_003494.wav,"initial anxiousness shifting to firm, resentful resolve",Distress,اللہ نہ کرے میرا بیٹا باغی ہو۔ ہمارے خاندان میں ایک ہی باغی کافی تھی۔,corpus/US-Std/short/drama/audio/SPEAKER_0307_DRAMA_003494.wav,/content/urduspeech_std_download/corpus/US-Std/short/drama/audio/SPEAKER_0307_DRAMA_003494.wav,"initial anxiousness shifting to firm, resentful resolve","initial anxiousness shifting to firm, resentful resolve",['anxious'],[],[],distress_only_anxious
DRAMA_003530,corpus/US-Std/short/drama,short,SPEAKER_0307_DRAMA_003530.wav,Anxious and concerned,Distress,بہو ٹھیک تو ہے نا؟ ارے نہیں نہیں بیٹا بس میں آ رہی ہوں ابھی۔ پریشان مت ہونا۔ اللہ حافظ۔,corpus/US-Std/short/drama/audio/SPEAKER_0307_DRAMA_003530.wav,/content/urduspeech_std_download/corpus/US-Std/short/drama/audio/SPEAKER_0307_DRAMA_003530.wav,Anxious and concerned,anxious and concerned,['anxious'],[],[],distress_only_anxious
DRAMA_003548,corpus/US-Std/short/drama,short,SPEAKER_0312_DRAMA_003548.wav,anxious and confused,Distress,لیکن وہ ایسا کیوں کریں گے مجھے نہیں پتا,corpus/US-Std/short/drama/audio/SPEAKER_0312_DRAMA_003548.wav,/content/urduspeech_std_download/corpus/US-Std/short/drama/audio/SPEAKER_0312_DRAMA_003548.wav,anxious and confused,anxious and confused,['anxious'],[],[],distress_only_anxious
DRAMA_003799,corpus/US-Std/short/drama,short,SPEAKER_0335_DRAMA_003799.wav,"anxious, concerned, with a pleading quality",Distress,بھیا ابو ٹھیک تھے نا؟ آپ میری ان سے بات ہی کروا دیتے۔,corpus/US-Std/short/drama/audio/SPEAKER_0335_DRAMA_003799.wav,/content/urduspeech_std_download/corpus/US-Std/short/drama/audio/SPEAKER_0335_DRAMA_003799.wav,"anxious, concerned, with a pleading quality","anxious, concerned, with a pleading quality",['anxious'],[],[],distress_only_anxious
DRAMA_003872,corpus/US-Std/short/drama,short,SPEAKER_0351_DRAMA_003872.wav,Anxious while attempting to be reassuring,Distress,ماہم کچھ نہیں ہوا وہ ٹھیک ہو جائیں گے تم,corpus/US-Std/short/drama/audio/SPEAKER_0351_DRAMA_003872.wav,/content/urduspeech_std_download/corpus/US-Std/short/drama/audio/SPEAKER_0351_DRAMA_003872.wav,Anxious while attempting to be reassuring,anxious while attempting to be reassuring,['anxious'],[],[],distress_only_anxious
DRAMA_003989,corpus/US-Std/short/drama,short,SPEAKER_0353_DRAMA_003989.wav,anxious and deeply concerned,Distress,ڈاکٹر صاحب میرے بابا ٹھیک تو ہو جائیں گے نہ؟ کیسی طبیعت ہے ان کی؟,corpus/US-Std/short/drama/audio/SPEAKER_0353_DRAMA_003989.wav,/content/urduspeech_std_download/corpus/US-Std/short/drama/audio/SPEAKER_0353_DRAMA_003989.wav,anxious and deeply concerned,anxious and deeply concerned,['anxious'],[],[],distress_only_anxious
DRAMA_004142,corpus/US-Std/short/drama,short,SPEAKER_0370_DRAMA_004142.wav,"anxious, concerned",Distress,پورو نظر نہیں آ رہا۔ امید ہے زندان میں ہوگا,corpus/US-Std/short/drama/audio/SPEAKER_0370_DRAMA_004142.wav,/content/urduspeech_std_download/corpus/US-Std/short/drama/audio/SPEAKER_0370_DRAMA_004142.wav,"anxious, concerned","anxious, concerned",['anxious'],[],[],distress_only_anxious
DRAMA_004429,corpus/US-Std/short/drama,short,SPEAKER_0382_DRAMA_004429.wav,"anxious, concerned",Distress,آپ اور آپ کی باتیں,corpus/US-Std/short/drama/audio/SPEAKER_0382_DRAMA_004429.wav,/content/urduspeech_std_download/corpus/US-Std/short/drama/audio/SPEAKER_0382_DRAMA_004429.wav,"anxious, concerned","anxious, concerned",['anxious'],[],[],distress_only_anxious
DRAMA_004421,corpus/US-Std/short/drama,short,SPEAKER_0385_DRAMA_004421.wav,"Urgent and assertive, shifting to anxious concern, and concluding with judgmental disapproval",Distress,اب دیر کی گنجائش نہیں ہے۔ لیکن لڑکی والوں نے منع کر دیا تو؟ اسلم صاحب مجھے کوئی خاص اچھے نہیں لگے۔ کافی منمیخ قسم کے آدمی ہیں۔,corpus/US-Std/short/drama/audio/SPEAKER_0385_DRAMA_004421.wav,/content/urduspeech_std_download/corpus/US-Std/short/drama/audio/SPEAKER_0385_DRAMA_004421.wav,"Urgent and assertive, shifting to anxious concern, and concluding with judgmental disapproval","urgent and assertive, shifting to anxious concern, and concluding with judgmental disapproval",['anxious'],[],[],distress_only_anxious
DRAMA_004317,corpus/US-Std/short/drama,short,SPEAKER_0386_DRAMA_004317.wav,Anxious and alarmed,Distress,بھائی ممی اور بابا اپنے روم میں جا چکے ہیں,corpus/US-Std/short/drama/audio/SPEAKER_0386_DRAMA_004317.wav,/content/urduspeech_std_download/corpus/US-Std/short/drama/audio/SPEAKER_0386_DRAMA_004317.wav,Anxious and alarmed,anxious and alarmed,['anxious'],[],[],distress_only_anxious
DRAMA_004608,corpus/US-Std/short/drama,short,SPEAKER_0398_DRAMA_004608.wav,urgent and slightly anxious,Distress,بابا صاحب میں مریم,corpus/US-Std/short/drama/audio/SPEAKER_0398_DRAMA_004608.wav,/content/urduspeech_std_download/corpus/US-Std/short/drama/audio/SPEAKER_0398_DRAMA_004608.wav,urgent and slightly anxious,urgent and slightly anxious,['anxious'],[],[],distress_only_anxious
DRAMA_004931,corpus/US-Std/short/drama,short,SPEAKER_0438_DRAMA_004931.wav,agitated and anxious,Distress,جی حیدر۔ السلام علیکم۔ وعلیکم السلام حیدر کہاں رہ گئے تھے آپ؟ بھول گئے آج ہماری بیٹی کی منگنی ہے؟ آپ نے تیار بھی ہونا ہے۔,corpus/US-Std/short/drama/audio/SPEAKER_0438_DRAMA_004931.wav,/content/urduspeech_std_download/corpus/US-Std/short/drama/audio/SPEAKER_0438_DRAMA_004931.wav,agitated and anxious,agitated and anxious,['anxious'],[],[],distress_only_anxious
DRAMA_004969,corpus/US-Std/short/drama,short,SPEAKER_0440_DRAMA_004969.wav,anxious and apologetic,Distress,عنایہ جی میری بالکل تیاری نہیں ہے مجھے پڑھنا ہے اگر میرا ٹیسٹ نہ ہوتا تو میں ضرور چلی جاتی نابیہ کے ساتھ,corpus/US-Std/short/drama/audio/SPEAKER_0440_DRAMA_004969.wav,/content/urduspeech_std_download/corpus/US-Std/short/drama/audio/SPEAKER_0440_DRAMA_004969.wav,anxious and apologetic,anxious and apologetic,['anxious'],[],[],distress_only_anxious
DRAMA_005053,corpus/US-Std/short/drama,short,SPEAKER_0446_DRAMA_005053.wav,anxious and defensive,Distress,ہاں، وہ مجھے پیاس لگ رہی تھی، پانی پینے گئی تھی۔ اور تو کچھ نہیں۔ تم اتنی گھبرائی ہوئی کیوں ہو؟ سب ٹھیک؟,corpus/US-Std/short/drama/audio/SPEAKER_0446_DRAMA_005053.wav,/content/urduspeech_std_download/corpus/US-Std/short/drama/audio/SPEAKER_0446_DRAMA_005053.wav,anxious and defensive,anxious and defensive,['anxious'],[],[],distress_only_anxious
DRAMA_005060,corpus/US-Std/short/drama,short,SPEAKER_0446_DRAMA_005060.wav,"Begins with earnest reassurance, shifting to anxious concern",Distress,ہر کام میں اللہ کی کوئی مصلحت ہوتی ہے۔ آپ یہ سوچیں نا آنٹی کہ اگر آگ پھیل جاتی تو کیا ہوتا؟,corpus/US-Std/short/drama/audio/SPEAKER_0446_DRAMA_005060.wav,/content/urduspeech_std_download/corpus/US-Std/short/drama/audio/SPEAKER_0446_DRAMA_005060.wav,"Begins with earnest reassurance, shifting to anxious concern","begins with earnest reassurance, shifting to anxious concern",['anxious'],[],[],distress_only_anxious
DRAMA_005064,corpus/US-Std/short/drama,short,SPEAKER_0446_DRAMA_005064.wav,anxious and concerned,Distress,انابیہ کی بھی طبیعت ٹھیک نہیں ہے میں تم سے فون پہ بات کروں گی مما,corpus/US-Std/short/drama/audio/SPEAKER_0446_DRAMA_005064.wav,/content/urduspeech_std_download/corpus/US-Std/short/drama/audio/SPEAKER_0446_DRAMA_005064.wav,anxious and concerned,anxious and concerned,['anxious'],[],[],distress_only_anxious
DRAMA_005180,corpus/US-Std/short/drama,short,SPEAKER_0446_DRAMA_005180.wav,expresses anxious concern and a sense of urgency,Distress,ہاں شاہ ویز، انابیہ نا بالکل ٹھیک کہہ رہی ہے۔ تم بھی اپنی نظر اتروا لو۔ میں ایک کام کرتی ہوں میں مرچیں لے کر آتی ہوں پھر۔,corpus/US-Std/short/drama/audio/SPEAKER_0446_DRAMA_005180.wav,/content/urduspeech_std_download/corpus/US-Std/short/drama/audio/SPEAKER_0446_DRAMA_005180.wav,expresses anxious concern and a sense of urgency,expresses anxious concern and a sense of urgency,['anxious'],[],[],distress_only_anxious
DRAMA_005189,corpus/US-Std/short/drama,short,SPEAKER_0446_DRAMA_005189.wav,Anxious and concerned,Distress,مریم اگر تمہاری وجہ سے صاحب جی یا سمرین بی بی میں کوئی بھی بحث ہوتی یا لڑائی جھگڑا ہوتا تو مجھے بالکل اچھا نہیں لگتا۔ اس لیے بہتر ہے کہ تم چپ رہو۔ نہیں امی۔,corpus/US-Std/short/drama/audio/SPEAKER_0446_DRAMA_005189.wav,/content/urduspeech_std_download/corpus/US-Std/short/drama/audio/SPEAKER_0446_DRAMA_005189.wav,Anxious and concerned,anxious and concerned,['anxious'],[],[],distress_only_anxious
DRAMA_005210,corpus/US-Std/short/drama,short,SPEAKER_0446_DRAMA_005210.wav,Slightly flustered and anxious,Distress,میں آپ کو ایک ٹیکسی یا کیب کروا دوں گی۔ میرا ڈرائیور مجھے چھوڑ کے چلا گیا یہاں۔ اس نے کوئی گاڑی کا کام کروانا تھا۔,corpus/US-Std/short/drama/audio/SPEAKER_0446_DRAMA_005210.wav,/content/urduspeech_std_download/corpus/US-Std/short/drama/audio/SPEAKER_0446_DRAMA_005210.wav,Slightly flustered and anxious,slightly flustered and anxious,['anxious'],[],[],distress_only_anxious
DRAMA_005062,corpus/US-Std/short/drama,short,SPEAKER_0448_DRAMA_005062.wav,Relieved yet anxious,Distress,اللہ کا لاکھ لاکھ شکر ہے کہ کچھ نہیں ہوا ورنہ کسی کو بھی کچھ ہو سکتا ہے,corpus/US-Std/short/drama/audio/SPEAKER_0448_DRAMA_005062.wav,/content/urduspeech_std_download/corpus/US-Std/short/drama/audio/SPEAKER_0448_DRAMA_005062.wav,Relieved yet anxious,relieved yet anxious,['anxious'],[],[],distress_only_anxious
DRAMA_005126,corpus/US-Std/short/drama,short,SPEAKER_0454_DRAMA_005126.wav,"anxious, concerned",Distress,نمرہ کے دوپٹے میں آگ دیکھ کے ایک لمحے کو میرا بھی دل بند ہو گیا تھا۔ مشابہ تم پریشان نہ ہو۔,corpus/US-Std/short/drama/audio/SPEAKER_0454_DRAMA_005126.wav,/content/urduspeech_std_download/corpus/US-Std/short/drama/audio/SPEAKER_0454_DRAMA_005126.wav,"anxious, concerned","anxious, concerned",['anxious'],[],[],distress_only_anxious
DRAMA_005322,corpus/US-Std/short/drama,short,SPEAKER_0460_DRAMA_005322.wav,concerned and anxious,Distress,ہر کام میں اللہ کی کوئی مصلحت ہوتی ہے۔ آپ یہ سوچیں نا آنٹی، کہ اگر آگ پھیل جاتی تو کیا ہوتا؟,corpus/US-Std/short/drama/audio/SPEAKER_0460_DRAMA_005322.wav,/content/urduspeech_std_download/corpus/US-Std/short/drama/audio/SPEAKER_0460_DRAMA_005322.wav,concerned and anxious,concerned and anxious,['anxious'],[],[],distress_only_anxious
DRAMA_005376,corpus/US-Std/short/drama,short,SPEAKER_0466_DRAMA_005376.wav,"sorrowful, anxious, and pleading",Distress,بس یہی کہے جا رہی ہے کہ مما اگر اس آگ میں میں جل جاتی تو,corpus/US-Std/short/drama/audio/SPEAKER_0466_DRAMA_005376.wav,/content/urduspeech_std_download/corpus/US-Std/short/drama/audio/SPEAKER_0466_DRAMA_005376.wav,"sorrowful, anxious, and pleading","sorrowful, anxious, and pleading",['anxious'],[],[],distress_only_anxious
DRAMA_005377,corpus/US-Std/short/drama,short,SPEAKER_0466_DRAMA_005377.wav,"Concerned, anxious",Distress,اس خوف سے وہ باہر ہی نہیں نکل پا رہی ہیں۔,corpus/US-Std/short/drama/audio/SPEAKER_0466_DRAMA_005377.wav,/content/urduspeech_std_download/corpus/US-Std/short/drama/audio/SPEAKER_0466_DRAMA_005377.wav,"Concerned, anxious","concerned, anxious",['anxious'],[],[],distress_only_anxious
DRAMA_005547,corpus/US-Std/short/drama,short,SPEAKER_0480_DRAMA_005547.wav,Anxious and alarmed,Distress,اچھا آپ یوں؟ تم تو,corpus/US-Std/short/drama/audio/SPEAKER_0480_DRAMA_005547.wav,/content/urduspeech_std_download/corpus/US-Std/short/drama/audio/SPEAKER_0480_DRAMA_005547.wav,Anxious and alarmed,anxious and alarmed,['anxious'],[],[],distress_only_anxious
DRAMA_005548,corpus/US-Std/short/drama,short,SPEAKER_0480_DRAMA_005548.wav,"anxious, hurried",Distress,گاڑی میں گئی تھی واپس آ گئی؟,corpus/US-Std/short/drama/audio/SPEAKER_0480_DRAMA_005548.wav,/content/urduspeech_std_download/corpus/US-Std/short/drama/audio/SPEAKER_0480_DRAMA_005548.wav,"anxious, hurried","anxious, hurried",['anxious'],[],[],distress_only_anxious
DRAMA_005559,corpus/US-Std/short/drama,short,SPEAKER_0480_DRAMA_005559.wav,"relieved, slightly anxious",Distress,شکر کریں اللہ نے ہمیں کسی بڑے نقصان سے بچایا کوئی جانی نقصان نہیں ہوا,corpus/US-Std/short/drama/audio/SPEAKER_0480_DRAMA_005559.wav,/content/urduspeech_std_download/corpus/US-Std/short/drama/audio/SPEAKER_0480_DRAMA_005559.wav,"relieved, slightly anxious","relieved, slightly anxious",['anxious'],[],[],distress_only_anxious
DRAMA_005580,corpus/US-Std/short/drama,short,SPEAKER_0480_DRAMA_005580.wav,alarmed and anxious,Distress,کسی کی جان بھی جا سکتی تھی,corpus/US-Std/short/drama/audio/SPEAKER_0480_DRAMA_005580.wav,/content/urduspeech_std_download/corpus/US-Std/short/drama/audio/SPEAKER_0480_DRAMA_005580.wav,alarmed and anxious,alarmed and anxious,['anxious'],[],[],distress_only_anxious
DRAMA_005692,corpus/US-Std/short/drama,short,SPEAKER_0492_DRAMA_005692.wav,anxious and defensive,Distress,ثانیہ نامی لڑکی مجھ سے ایسی دشمنی,corpus/US-Std/short/drama/audio/SPEAKER_0492_DRAMA_005692.wav,/content/urduspeech_std_download/corpus/US-Std/short/drama/audio/SPEAKER_0492_DRAMA_005692.wav,anxious and defensive,anxious and defensive,['anxious'],[],[],distress_only_anxious
DRAMA_006073,corpus/US-Std/short/drama,short,SPEAKER_0508_DRAMA_006073.wav,anxious and secretive,Distress,نیچے مہمان آئے ہوئے ہیں اگر تمہاری پھوپھو نے سن لیا,corpus/US-Std/short/drama/audio/SPEAKER_0508_DRAMA_006073.wav,/content/urduspeech_std_download/corpus/US-Std/short/drama/audio/SPEAKER_0508_DRAMA_006073.wav,anxious and secretive,anxious and secretive,['anxious'],[],[],distress_only_anxious
DRAMA_006363,corpus/US-Std/short/drama,short,SPEAKER_0557_DRAMA_006363.wav,concerned and slightly anxious,Distress,صلاح الدین نے انگور ایسے بھیجے جیسے انہیں معلوم ہی نہ ہو۔,corpus/US-Std/short/drama/audio/SPEAKER_0557_DRAMA_006363.wav,/content/urduspeech_std_download/corpus/US-Std/short/drama/audio/SPEAKER_0557_DRAMA_006363.wav,concerned and slightly anxious,concerned and slightly anxious,['anxious'],[],[],distress_only_anxious
DRAMA_006649,corpus/US-Std/short/drama,short,SPEAKER_0594_DRAMA_006649.wav,"anxious and earnest, with a sense of urgency",Distress,آنٹی میں بھی اس کو سب کچھ,corpus/US-Std/short/drama/audio/SPEAKER_0594_DRAMA_006649.wav,/content/urduspeech_std_download/corpus/US-Std/short/drama/audio/SPEAKER_0594_DRAMA_006649.wav,"anxious and earnest, with a sense of urgency","anxious and earnest, with a sense of urgency",['anxious'],[],[],distress_only_anxious
DRAMA_007006,corpus/US-Std/short/drama,short,SPEAKER_0632_DRAMA_007006.wav,Earnest and slightly anxious,Distress,آنٹی میں بھی اس کو سب کچھ,corpus/US-Std/short/drama/audio/SPEAKER_0632_DRAMA_007006.wav,/content/urduspeech_std_download/corpus/US-Std/short/drama/audio/SPEAKER_0632_DRAMA_007006.wav,Earnest and slightly anxious,earnest and slightly anxious,['anxious'],[],[],distress_only_anxious
DRAMA_007340,corpus/US-Std/short/drama,short,SPEAKER_0695_DRAMA_007340.wav,Anxious and concerned,Distress,بیٹا عارش کہاں ہے؟ سارے مہمان گاڑی میں بیٹھنے جا رہے ہیں کیا اب دولہے کے بغیر بارات جائے گی؟,corpus/US-Std/short/drama/audio/SPEAKER_0695_DRAMA_007340.wav,/content/urduspeech_std_download/corpus/US-Std/short/drama/audio/SPEAKER_0695_DRAMA_007340.wav,Anxious and concerned,anxious and concerned,['anxious'],[],[],distress_only_anxious
DRAMA_007794,corpus/US-Std/short/drama,short,SPEAKER_0728_DRAMA_007794.wav,concerned and anxious,Distress,مگر زین، میں ابھی کیسے گھر جا سکتی ہوں؟ ابا کی طبیعت ٹھیک نہیں ہے نا۔,corpus/US-Std/short/drama/audio/SPEAKER_0728_DRAMA_007794.wav,/content/urduspeech_std_download/corpus/US-Std/short/drama/audio/SPEAKER_0728_DRAMA_007794.wav,concerned and anxious,concerned and anxious,['anxious'],[],[],distress_only_anxious
DRAMA_007711,corpus/US-Std/short/drama,short,SPEAKER_0735_DRAMA_007711.wav,"Deeply worried and anxious, with undertones of shock and disbelief.",Distress,بھائی اچانک کیا ہو گیا اب؟ ایک دن میں اتنے کمزور ہو گئے۔ آخر ہوا کیا ہے؟,corpus/US-Std/short/drama/audio/SPEAKER_0735_DRAMA_007711.wav,/content/urduspeech_std_download/corpus/US-Std/short/drama/audio/SPEAKER_0735_DRAMA_007711.wav,"Deeply worried and anxious, with undertones of shock and disbelief.","deeply worried and anxious, with undertones of shock and disbelief.",['anxious'],[],[],distress_only_anxious
DRAMA_008553,corpus/US-Std/short/drama,short,SPEAKER_0807_DRAMA_008553.wav,surprised and slightly anxious,Distress,ابا کو ڈسچارج کر دیا ہاسپیٹل سے,corpus/US-Std/short/drama/audio/SPEAKER_0807_DRAMA_008553.wav,/content/urduspeech_std_download/corpus/US-Std/short/drama/audio/SPEAKER_0807_DRAMA_008553.wav,surprised and slightly anxious,surprised and slightly anxious,['anxious'],[],[],distress_only_anxious
DRAMA_008402,corpus/US-Std/short/drama,short,SPEAKER_0816_DRAMA_008402.wav,anxious,Distress,اور تیز بھی بہت لگ رہی تھی,corpus/US-Std/short/drama/audio/SPEAKER_0816_DRAMA_008402.wav,/content/urduspeech_std_download/corpus/US-Std/short/drama/audio/SPEAKER_0816_DRAMA_008402.wav,anxious,anxious,['anxious'],[],[],distress_only_anxious
DRAMA_009305,corpus/US-Std/short/drama,short,SPEAKER_0916_DRAMA_009305.wav,Anxious and worried,Distress,بھیا، ابو ٹھیک تھے نا؟ آپ میری ان سے بات ہی کروا دیتے۔,corpus/US-Std/short/drama/audio/SPEAKER_0916_DRAMA_009305.wav,/content/urduspeech_std_download/corpus/US-Std/short/drama/audio/SPEAKER_0916_DRAMA_009305.wav,Anxious and worried,anxious and worried,['anxious'],[],[],distress_only_anxious
DRAMA_009633,corpus/US-Std/short/drama,short,SPEAKER_0961_DRAMA_009633.wav,"Defensive and slightly anxious, transitioning to earnestness",Distress,پیشنٹ ہے یار تو ڈاکٹرز ہیں اور تمہیں والنٹیر کرنے کی ضرورت نہیں تھی ایسا نہیں ہے جیسا تم سمجھ رہی ہو میں نے اس لیے نہیں والنٹیر کیا کیونکہ میں نے اس کو پہچان لیا تھا۔,corpus/US-Std/short/drama/audio/SPEAKER_0961_DRAMA_009633.wav,/content/urduspeech_std_download/corpus/US-Std/short/drama/audio/SPEAKER_0961_DRAMA_009633.wav,"Defensive and slightly anxious, transitioning to earnestness","defensive and slightly anxious, transitioning to earnestness",['anxious'],[],[],distress_only_anxious
DRAMA_009828,corpus/US-Std/short/drama,short,SPEAKER_1005_DRAMA_009828.wav,Concerned and anxious,Distress,آسیہ، آسیہ کیا ہو گیا ہے؟ مجھے بتا کیا ہوا ہے؟ پوری بات بتا۔,corpus/US-Std/short/drama/audio/SPEAKER_1005_DRAMA_009828.wav,/content/urduspeech_std_download/corpus/US-Std/short/drama/audio/SPEAKER_1005_DRAMA_009828.wav,Concerned and anxious,concerned and anxious,['anxious'],[],[],distress_only_anxious
DRAMA_009981,corpus/US-Std/short/drama,short,SPEAKER_1007_DRAMA_009981.wav,Anxious and flustered.,Distress,مائرہ کی کال آ رہی ہے۔ کیا کروں؟,corpus/US-Std/short/drama/audio/SPEAKER_1007_DRAMA_009981.wav,/content/urduspeech_std_download/corpus/US-Std/short/drama/audio/SPEAKER_1007_DRAMA_009981.wav,Anxious and flustered.,anxious and flustered.,['anxious'],[],[],distress_only_anxious
DRAMA_010963,corpus/US-Std/short/drama,short,SPEAKER_1121_DRAMA_010963.wav,Anxious and defensive,Distress,وہ وہ میڈیسنز یہاں پہ نہیں تھی اسی لیے باہر سے لینے جا رہی تھی۔,corpus/US-Std/short/drama/audio/SPEAKER_1121_DRAMA_010963.wav,/content/urduspeech_std_download/corpus/US-Std/short/drama/audio/SPEAKER_1121_DRAMA_010963.wav,Anxious and defensive,anxious and defensive,['anxious'],[],[],distress_only_anxious
DRAMA_011243,corpus/US-Std/short/drama,short,SPEAKER_1166_DRAMA_011243.wav,"anxious, worried",Distress,کیا کر رہا ہے تو؟ مسکان کا ابرارزہ سے کوئی تعلق نہیں ہے۔ کہیں ایسا تو نہیں ہے کہ بھائی مسکان کے گھر چلے گئے؟,corpus/US-Std/short/drama/audio/SPEAKER_1166_DRAMA_011243.wav,/content/urduspeech_std_download/corpus/US-Std/short/drama/audio/SPEAKER_1166_DRAMA_011243.wav,"anxious, worried","anxious, worried",['anxious'],[],[],distress_only_anxious
DRAMA_012306,corpus/US-Std/short/drama,short,SPEAKER_1283_DRAMA_012306.wav,Anxious and concerned,Distress,تو آپ کو یقین ہے کہ آپ کو مارنے کی کوشش کرنے والا بورو تھا,corpus/US-Std/short/drama/audio/SPEAKER_1283_DRAMA_012306.wav,/content/urduspeech_std_download/corpus/US-Std/short/drama/audio/SPEAKER_1283_DRAMA_012306.wav,Anxious and concerned,anxious and concerned,['anxious'],[],[],distress_only_anxious
DRAMA_012429,corpus/US-Std/short/drama,short,SPEAKER_1294_DRAMA_012429.wav,anxious and concerned,Distress,اگر تمہارے ساتھ وہاں کچھ برا ہو گیا تو کیا ہوگا؟ بورو,corpus/US-Std/short/drama/audio/SPEAKER_1294_DRAMA_012429.wav,/content/urduspeech_std_download/corpus/US-Std/short/drama/audio/SPEAKER_1294_DRAMA_012429.wav,anxious and concerned,anxious and concerned,['anxious'],[],[],distress_only_anxious
DRAMA_012470,corpus/US-Std/short/drama,short,SPEAKER_1296_DRAMA_012470.wav,Anxious and concerned,Distress,تو آپ کو یقین ہے کہ آپ کو مارنے کی کوشش کرنے والا بورو تھا,corpus/US-Std/short/drama/audio/SPEAKER_1296_DRAMA_012470.wav,/content/urduspeech_std_download/corpus/US-Std/short/drama/audio/SPEAKER_1296_DRAMA_012470.wav,Anxious and concerned,anxious and concerned,['anxious'],[],[],distress_only_anxious
DRAMA_013360,corpus/US-Std/short/drama,short,SPEAKER_1392_DRAMA_013360.wav,pleading and anxious,Distress,آپ جانے اور ہم,corpus/US-Std/short/drama/audio/SPEAKER_1392_DRAMA_013360.wav,/content/urduspeech_std_download/corpus/US-Std/short/drama/audio/SPEAKER_1392_DRAMA_013360.wav,pleading and anxious,pleading and anxious,['anxious'],[],[],distress_only_anxious
DRAMA_006217,corpus/US-Std/short/drama,short,SPEAKER_0545_DRAMA_006217.wav,desperate and anxious,Distress,تم مجھے بتاؤ مجھے کیا کرنا ہے,corpus/US-Std/short/drama/audio/SPEAKER_0545_DRAMA_006217.wav,/content/urduspeech_std_download/corpus/US-Std/short/drama/audio/SPEAKER_0545_DRAMA_006217.wav,desperate and anxious,desperate and anxious,['anxious'],[],[],distress_only_anxious
DRAMA_006479,corpus/US-Std/short/drama,short,SPEAKER_0574_DRAMA_006479.wav,anxious and weary,Distress,پتہ نہیں کتنے کیسز لگا دیے ہیں اب تک۔,corpus/US-Std/short/drama/audio/SPEAKER_0574_DRAMA_006479.wav,/content/urduspeech_std_download/corpus/US-Std/short/drama/audio/SPEAKER_0574_DRAMA_006479.wav,anxious and weary,anxious and weary,['anxious'],[],[],distress_only_anxious
DRAMA_006804,corpus/US-Std/short/drama,short,SPEAKER_0598_DRAMA_006804.wav,"concerned, slightly anxious",Distress,میں نے کیل دیکھی بھی تھی میں نے کہا ہاتھ بچا کے,corpus/US-Std/short/drama/audio/SPEAKER_0598_DRAMA_006804.wav,/content/urduspeech_std_download/corpus/US-Std/short/drama/audio/SPEAKER_0598_DRAMA_006804.wav,"concerned, slightly anxious","concerned, slightly anxious",['anxious'],[],[],distress_only_anxious
DRAMA_007958,corpus/US-Std/short/drama,short,SPEAKER_0763_DRAMA_007958.wav,anxious and concerned,Distress,میرا مطلب ہے مما وہ آپ کو پتہ ہے نا زین کے لئے ہاسپٹل کا ماحول ٹھیک نہیں ہے۔,corpus/US-Std/short/drama/audio/SPEAKER_0763_DRAMA_007958.wav,/content/urduspeech_std_download/corpus/US-Std/short/drama/audio/SPEAKER_0763_DRAMA_007958.wav,anxious and concerned,anxious and concerned,['anxious'],[],[],distress_only_anxious
DRAMA_008193,corpus/US-Std/short/drama,short,SPEAKER_0792_DRAMA_008193.wav,Anxious and concerned,Distress,میرا مطلب ہے مما وہ آپ کو پتہ ہے نا زین کے لیے ہاسپٹل کا ماحول ٹھیک نہیں ہے۔,corpus/US-Std/short/drama/audio/SPEAKER_0792_DRAMA_008193.wav,/content/urduspeech_std_download/corpus/US-Std/short/drama/audio/SPEAKER_0792_DRAMA_008193.wav,Anxious and concerned,anxious and concerned,['anxious'],[],[],distress_only_anxious
DRAMA_008898,corpus/US-Std/short/drama,short,SPEAKER_0888_DRAMA_008898.wav,Intense desperation and anxious pleading,Distress,پیسوں کی فکر نہیں کرنی ہے آپ کو۔ جتنے پیسے چاہییں ہوں آپ بتائیے میں اپنی بہن کے سر سے وار کے پھینک دوں گا۔ بس میری بہن کا علاج شروع کرا دیں۔ آج ہی شروع کر دیں۔,corpus/US-Std/short/drama/audio/SPEAKER_0888_DRAMA_008898.wav,/content/urduspeech_std_download/corpus/US-Std/short/drama/audio/SPEAKER_0888_DRAMA_008898.wav,Intense desperation and anxious pleading,intense desperation and anxious pleading,['anxious'],[],[],distress_only_anxious
DRAMA_009529,corpus/US-Std/short/drama,short,SPEAKER_0958_DRAMA_009529.wav,Anxious and urgent,Distress,اماں جی کو بتا دو کامیاب فارحہ میڈم کے گھر پہ ہیں۔,corpus/US-Std/short/drama/audio/SPEAKER_0958_DRAMA_009529.wav,/content/urduspeech_std_download/corpus/US-Std/short/drama/audio/SPEAKER_0958_DRAMA_009529.wav,Anxious and urgent,anxious and urgent,['anxious'],[],[],distress_only_anxious
DRAMA_009965,corpus/US-Std/short/drama,short,SPEAKER_1007_DRAMA_009965.wav,"Anxious and concerned, with an underlying sense of haste",Distress,جہاں رہے جی ہمارے کو پتہ چل جائے گا کہ میں آفس نہیں گیا تھا اور میں آپ سے ملنے آیا تھا,corpus/US-Std/short/drama/audio/SPEAKER_1007_DRAMA_009965.wav,/content/urduspeech_std_download/corpus/US-Std/short/drama/audio/SPEAKER_1007_DRAMA_009965.wav,"Anxious and concerned, with an underlying sense of haste","anxious and concerned, with an underlying sense of haste",['anxious'],[],[],distress_only_anxious
DRAMA_010345,corpus/US-Std/short/drama,short,SPEAKER_1027_DRAMA_010345.wav,slightly anxious and hurried,Distress,میں نے بھی تم سے طبیعت پوچھنے کے لیے فون کیا تھا۔,corpus/US-Std/short/drama/audio/SPEAKER_1027_DRAMA_010345.wav,/content/urduspeech_std_download/corpus/US-Std/short/drama/audio/SPEAKER_1027_DRAMA_010345.wav,slightly anxious and hurried,slightly anxious and hurried,['anxious'],[],[],distress_only_anxious
DRAMA_010350,corpus/US-Std/short/drama,short,SPEAKER_1030_DRAMA_010350.wav,worried and anxious,Distress,بھیا ابو ٹھیک تھے نا؟ آپ میری ان سے,corpus/US-Std/short/drama/audio/SPEAKER_1030_DRAMA_010350.wav,/content/urduspeech_std_download/corpus/US-Std/short/drama/audio/SPEAKER_1030_DRAMA_010350.wav,worried and anxious,worried and anxious,['anxious'],[],[],distress_only_anxious
DRAMA_010649,corpus/US-Std/short/drama,short,SPEAKER_1063_DRAMA_010649.wav,"initially flustered, shifting to anxious and cautionary",Distress,ایک سیکنڈ۔ اس میں بسم اللہ۔ چونا لگانا تو گناہ ملے گا۔,corpus/US-Std/short/drama/audio/SPEAKER_1063_DRAMA_010649.wav,/content/urduspeech_std_download/corpus/US-Std/short/drama/audio/SPEAKER_1063_DRAMA_010649.wav,"initially flustered, shifting to anxious and cautionary","initially flustered, shifting to anxious and cautionary",['anxious'],[],[],distress_only_anxious
DRAMA_010774,corpus/US-Std/short/drama,short,SPEAKER_1076_DRAMA_010774.wav,anxious and regretful,Distress,منع ہی نہیں کر سکا۔ یہ بولنا لالچ آ گئی دل میں۔,corpus/US-Std/short/drama/audio/SPEAKER_1076_DRAMA_010774.wav,/content/urduspeech_std_download/corpus/US-Std/short/drama/audio/SPEAKER_1076_DRAMA_010774.wav,anxious and regretful,anxious and regretful,['anxious'],[],[],distress_only_anxious
DRAMA_010904,corpus/US-Std/short/drama,short,SPEAKER_1110_DRAMA_010904.wav,Urgent and slightly anxious,Distress,تم ابا کے پاس جاؤ میں آتی ہوں,corpus/US-Std/short/drama/audio/SPEAKER_1110_DRAMA_010904.wav,/content/urduspeech_std_download/corpus/US-Std/short/drama/audio/SPEAKER_1110_DRAMA_010904.wav,Urgent and slightly anxious,urgent and slightly anxious,['anxious'],[],[],distress_only_anxious
DRAMA_011486,corpus/US-Std/short/drama,short,SPEAKER_1212_DRAMA_011486.wav,anxious and concerned,Distress,ہاں امی وہ دونوں کو صنم باجی زہر لگتی ہیں۔,corpus/US-Std/short/drama/audio/SPEAKER_1212_DRAMA_011486.wav,/content/urduspeech_std_download/corpus/US-Std/short/drama/audio/SPEAKER_1212_DRAMA_011486.wav,anxious and concerned,anxious and concerned,['anxious'],[],[],distress_only_anxious
DRAMA_011750,corpus/US-Std/short/drama,short,SPEAKER_1238_DRAMA_011750.wav,anxious and relieved,Distress,اچھا اوکے بائے۔ اللہ حافظ۔ اللہ حافظ۔ بس یہ آرڈر پہنچ گیا ہو ٹائم پہ۔ خدا حافظ۔,corpus/US-Std/short/drama/audio/SPEAKER_1238_DRAMA_011750.wav,/content/urduspeech_std_download/corpus/US-Std/short/drama/audio/SPEAKER_1238_DRAMA_011750.wav,anxious and relieved,anxious and relieved,['anxious'],[],[],distress_only_anxious
DRAMA_011891,corpus/US-Std/short/drama,short,SPEAKER_1261_DRAMA_011891.wav,concerned and anxious,Distress,میرے کوندھ، آپ ٹھیک تو ہیں؟,corpus/US-Std/short/drama/audio/SPEAKER_1261_DRAMA_011891.wav,/content/urduspeech_std_download/corpus/US-Std/short/drama/audio/SPEAKER_1261_DRAMA_011891.wav,concerned and anxious,concerned and anxious,['anxious'],[],[],distress_only_anxious
DRAMA_011904,corpus/US-Std/short/drama,short,SPEAKER_1263_DRAMA_011904.wav,Anxious and frustrated,Distress,ہم لاڈ گائے سے جان چھڑانے کی کوشش کر رہے تھے اور اب ماریا گلے پڑ گئی,corpus/US-Std/short/drama/audio/SPEAKER_1263_DRAMA_011904.wav,/content/urduspeech_std_download/corpus/US-Std/short/drama/audio/SPEAKER_1263_DRAMA_011904.wav,Anxious and frustrated,anxious and frustrated,['anxious'],[],[],distress_only_anxious
DRAMA_013348,corpus/US-Std/short/drama,short,SPEAKER_1393_DRAMA_013348.wav,mildly anxious and insistent,Distress,اچھا ٹھیک ہے. میں کال کرتی رہوں گی پلیز فون ریسیو کرنا ہاں.,corpus/US-Std/short/drama/audio/SPEAKER_1393_DRAMA_013348.wav,/content/urduspeech_std_download/corpus/US-Std/short/drama/audio/SPEAKER_1393_DRAMA_013348.wav,mildly anxious and insistent,mildly anxious and insistent,['anxious'],[],[],distress_only_anxious
DRAMA_013463,corpus/US-Std/short/drama,short,SPEAKER_1404_DRAMA_013463.wav,pleading and slightly anxious,Distress,شاہ شاہویز، مجھے اجازت دیں۔,corpus/US-Std/short/drama/audio/SPEAKER_1404_DRAMA_013463.wav,/content/urduspeech_std_download/corpus/US-Std/short/drama/audio/SPEAKER_1404_DRAMA_013463.wav,pleading and slightly anxious,pleading and slightly anxious,['anxious'],[],[],distress_only_anxious
DRAMA_013479,corpus/US-Std/short/drama,short,SPEAKER_1406_DRAMA_013479.wav,mildly anxious and concerned,Distress,زین زین تم نے میرا پرس دیکھا ہے؟ میں نے یہیں رکھا تھا ابھی۔,corpus/US-Std/short/drama/audio/SPEAKER_1406_DRAMA_013479.wav,/content/urduspeech_std_download/corpus/US-Std/short/drama/audio/SPEAKER_1406_DRAMA_013479.wav,mildly anxious and concerned,mildly anxious and concerned,['anxious'],[],[],distress_only_anxious
DRAMA_013670,corpus/US-Std/short/drama,short,SPEAKER_1432_DRAMA_013670.wav,Anxious and pragmatic,Distress,چچی جان میں تو تیار ہوں مجھے بتائیں کہ فرحہ ساتھ چل رہی ہے نا سامان کی حفاظت کے لیے بھی کوئی ساتھ ہونا چاہیے,corpus/US-Std/short/drama/audio/SPEAKER_1432_DRAMA_013670.wav,/content/urduspeech_std_download/corpus/US-Std/short/drama/audio/SPEAKER_1432_DRAMA_013670.wav,Anxious and pragmatic,anxious and pragmatic,['anxious'],[],[],distress_only_anxious
DRAMA_014092,corpus/US-Std/short/drama,short,SPEAKER_1465_DRAMA_014092.wav,Anxious anticipation,Distress,ابھی آ جائے گا ابھی آ جائے گا۔,corpus/US-Std/short/drama/audio/SPEAKER_1465_DRAMA_014092.wav,/content/urduspeech_std_download/corpus/US-Std/short/drama/audio/SPEAKER_1465_DRAMA_014092.wav,Anxious anticipation,anxious anticipation,['anxious'],[],[],distress_only_anxious
DRAMA_013906,corpus/US-Std/short/drama,short,SPEAKER_1466_DRAMA_013906.wav,"Anxious and concerned, with a sense of urgency",Distress,کس سے کام ہے؟ وکیل صاحب تو گھر پر نہیں ہیں۔ میں ستارہ ہوں۔ خوشحال خان کی پھوپھو ہوں۔,corpus/US-Std/short/drama/audio/SPEAKER_1466_DRAMA_013906.wav,/content/urduspeech_std_download/corpus/US-Std/short/drama/audio/SPEAKER_1466_DRAMA_013906.wav,"Anxious and concerned, with a sense of urgency","anxious and concerned, with a sense of urgency",['anxious'],[],[],distress_only_anxious
DRAMA_014191,corpus/US-Std/short/drama,short,SPEAKER_1477_DRAMA_014191.wav,concerned and slightly anxious,Distress,کہاں رہ گئے تھے تم؟ یہاں تمہارے لیے سب,corpus/US-Std/short/drama/audio/SPEAKER_1477_DRAMA_014191.wav,/content/urduspeech_std_download/corpus/US-Std/short/drama/audio/SPEAKER_1477_DRAMA_014191.wav,concerned and slightly anxious,concerned and slightly anxious,['anxious'],[],[],distress_only_anxious
DRAMA_014181,corpus/US-Std/short/drama,short,SPEAKER_1483_DRAMA_014181.wav,anxious and concerned,Distress,خدا خیر کرے شاہو ابھی تک نہیں آیا۔ شانتل ٹھیک ہو,corpus/US-Std/short/drama/audio/SPEAKER_1483_DRAMA_014181.wav,/content/urduspeech_std_download/corpus/US-Std/short/drama/audio/SPEAKER_1483_DRAMA_014181.wav,anxious and concerned,anxious and concerned,['anxious'],[],[],distress_only_anxious
DRAMA_006264,corpus/US-Std/short/drama,short,SPEAKER_0551_DRAMA_006264.wav,Worried and anxious,Distress,لارڈ گائیک کی اب تک کوئی خبر نہیں آئی,corpus/US-Std/short/drama/audio/SPEAKER_0551_DRAMA_006264.wav,/content/urduspeech_std_download/corpus/US-Std/short/drama/audio/SPEAKER_0551_DRAMA_006264.wav,Worried and anxious,worried and anxious,['anxious'],[],[],distress_only_anxious
DRAMA_006351,corpus/US-Std/short/drama,short,SPEAKER_0562_DRAMA_006351.wav,"anxious, concerned",Distress,لارڈ گائیک کی اب تک کوئی خبر نہیں آئی,corpus/US-Std/short/drama/audio/SPEAKER_0562_DRAMA_006351.wav,/content/urduspeech_std_download/corpus/US-Std/short/drama/audio/SPEAKER_0562_DRAMA_006351.wav,"anxious, concerned","anxious, concerned",['anxious'],[],[],distress_only_anxious
DRAMA_007299,corpus/US-Std/short/drama,short,SPEAKER_0683_DRAMA_007299.wav,anxious and stressed,Distress,یار نگت کال پہ کال کیے جا رہی ہے۔ اسے ضرورت ہے۔ اور نویرا کی سہیلی ابھی تک نہیں آئی۔ جیسے ہی اس کی سیلری آئے گی نا ویسے ہی وہ تجھے پیسے واپس کر دوں گا۔,corpus/US-Std/short/drama/audio/SPEAKER_0683_DRAMA_007299.wav,/content/urduspeech_std_download/corpus/US-Std/short/drama/audio/SPEAKER_0683_DRAMA_007299.wav,anxious and stressed,anxious and stressed,['anxious'],[],[],distress_only_anxious
DRAMA_007643,corpus/US-Std/short/drama,short,SPEAKER_0735_DRAMA_007643.wav,anxious and slightly alarmed,Distress,بھائی کا پتا کٹ گیا,corpus/US-Std/short/drama/audio/SPEAKER_0735_DRAMA_007643.wav,/content/urduspeech_std_download/corpus/US-Std/short/drama/audio/SPEAKER_0735_DRAMA_007643.wav,anxious and slightly alarmed,anxious and slightly alarmed,['anxious'],[],[],distress_only_anxious
DRAMA_007800,corpus/US-Std/short/drama,short,SPEAKER_0738_DRAMA_007800.wav,a mix of polite concern and anxiousness,Distress,ہو گیا آنٹی۔ رک جائیں میں رکوں۔ لیکن جب انکل ٹھیک ہو جائیں گے تو پلیز مجھے جلدی جلدی بتا دیجئے گا تاکہ میں آ کے اسے لے جاؤں۔,corpus/US-Std/short/drama/audio/SPEAKER_0738_DRAMA_007800.wav,/content/urduspeech_std_download/corpus/US-Std/short/drama/audio/SPEAKER_0738_DRAMA_007800.wav,a mix of polite concern and anxiousness,a mix of polite concern and anxiousness,['anxious'],[],[],distress_only_anxious
DRAMA_008043,corpus/US-Std/short/drama,short,SPEAKER_0770_DRAMA_008043.wav,"concerned, anxious, and slightly pleading",Distress,مگر زین میں ابھی کیسے گھر جا سکتی ہوں؟ ابا کی طبیعت ٹھیک نہیں ہے نا۔,corpus/US-Std/short/drama/audio/SPEAKER_0770_DRAMA_008043.wav,/content/urduspeech_std_download/corpus/US-Std/short/drama/audio/SPEAKER_0770_DRAMA_008043.wav,"concerned, anxious, and slightly pleading","concerned, anxious, and slightly pleading",['anxious'],[],[],distress_only_anxious
DRAMA_008188,corpus/US-Std/short/drama,short,SPEAKER_0792_DRAMA_008188.wav,Anxious and worried,Distress,آہ آہ جی مما میں آ جاتی مگر ابا ہاسپٹل میں ایڈمٹ ہیں۔ کیوں؟,corpus/US-Std/short/drama/audio/SPEAKER_0792_DRAMA_008188.wav,/content/urduspeech_std_download/corpus/US-Std/short/drama/audio/SPEAKER_0792_DRAMA_008188.wav,Anxious and worried,anxious and worried,['anxious'],[],[],distress_only_anxious
DRAMA_008278,corpus/US-Std/short/drama,short,SPEAKER_0799_DRAMA_008278.wav,worried and anxious,Distress,مگر زین میں ابھی کیسے گھر جا سکتی ہوں؟ ابا کی طبیعت ٹھیک نہیں ہے نا,corpus/US-Std/short/drama/audio/SPEAKER_0799_DRAMA_008278.wav,/content/urduspeech_std_download/corpus/US-Std/short/drama/audio/SPEAKER_0799_DRAMA_008278.wav,worried and anxious,worried and anxious,['anxious'],[],[],distress_only_anxious
DRAMA_008317,corpus/US-Std/short/drama,short,SPEAKER_0808_DRAMA_008317.wav,"thoughtful, transitioning to worried and anxious",Distress,ہاں بیٹا بات تو تمہاری ٹھیک ہے لیکن مجھے اب بھائی جان کی بہت فکر ہو رہی ہے,corpus/US-Std/short/drama/audio/SPEAKER_0808_DRAMA_008317.wav,/content/urduspeech_std_download/corpus/US-Std/short/drama/audio/SPEAKER_0808_DRAMA_008317.wav,"thoughtful, transitioning to worried and anxious","thoughtful, transitioning to worried and anxious",['anxious'],[],[],distress_only_anxious
DRAMA_009406,corpus/US-Std/short/drama,short,SPEAKER_0933_DRAMA_009406.wav,"desperate, pleading, anxious",Distress,کیا آپ یہ سلطانِ محترم تک پہنچا دیں گی؟,corpus/US-Std/short/drama/audio/SPEAKER_0933_DRAMA_009406.wav,/content/urduspeech_std_download/corpus/US-Std/short/drama/audio/SPEAKER_0933_DRAMA_009406.wav,"desperate, pleading, anxious","desperate, pleading, anxious",['anxious'],[],[],distress_only_anxious
DRAMA_009874,corpus/US-Std/short/drama,short,SPEAKER_1007_DRAMA_009874.wav,flustered and anxious,Distress,اب اب اس کو یہ تو نہیں بتانا تھا نا کہ آپ آئی ہوئی ہیں یہاں پر۔,corpus/US-Std/short/drama/audio/SPEAKER_1007_DRAMA_009874.wav,/content/urduspeech_std_download/corpus/US-Std/short/drama/audio/SPEAKER_1007_DRAMA_009874.wav,flustered and anxious,flustered and anxious,['anxious'],[],[],distress_only_anxious
DRAMA_010043,corpus/US-Std/short/drama,short,SPEAKER_1014_DRAMA_010043.wav,anxious and pleading,Distress,میں اس کے نکاح میں ہوں یا نہیں، یہ جاننا چاہ رہی ہوں۔,corpus/US-Std/short/drama/audio/SPEAKER_1014_DRAMA_010043.wav,/content/urduspeech_std_download/corpus/US-Std/short/drama/audio/SPEAKER_1014_DRAMA_010043.wav,anxious and pleading,anxious and pleading,['anxious'],[],[],distress_only_anxious
DRAMA_010053,corpus/US-Std/short/drama,short,SPEAKER_1016_DRAMA_010053.wav,anxious and serious,Distress,وکیل صاحب سے بات کر رہی ہوں۔,corpus/US-Std/short/drama/audio/SPEAKER_1016_DRAMA_010053.wav,/content/urduspeech_std_download/corpus/US-Std/short/drama/audio/SPEAKER_1016_DRAMA_010053.wav,anxious and serious,anxious and serious,['anxious'],[],[],distress_only_anxious
DRAMA_010732,corpus/US-Std/short/drama,short,SPEAKER_1066_DRAMA_010732.wav,"defensive and slightly anxious, despite verbally denying being worried",Distress,بھائی جان، میں تو پریشان نہیں ہوں۔ پتہ نہیں، آپ کو ایسا کیوں لگ رہا ہے کہ میں پریشان ہوں۔,corpus/US-Std/short/drama/audio/SPEAKER_1066_DRAMA_010732.wav,/content/urduspeech_std_download/corpus/US-Std/short/drama/audio/SPEAKER_1066_DRAMA_010732.wav,"defensive and slightly anxious, despite verbally denying being worried","defensive and slightly anxious, despite verbally denying being worried",['anxious'],[],[],distress_only_anxious
DRAMA_010979,corpus/US-Std/short/drama,short,SPEAKER_1121_DRAMA_010979.wav,worried and anxious,Distress,مگر زین میں ابھی کیسے گھر جا سکتی ہوں ابا کی طبیعت ٹھیک نہیں ہے نا,corpus/US-Std/short/drama/audio/SPEAKER_1121_DRAMA_010979.wav,/content/urduspeech_std_download/corpus/US-Std/short/drama/audio/SPEAKER_1121_DRAMA_010979.wav,worried and anxious,worried and anxious,['anxious'],[],[],distress_only_anxious
DRAMA_010976,corpus/US-Std/short/drama,short,SPEAKER_1126_DRAMA_010976.wav,anxious and flustered,Distress,ہم تو اس وقت ان کی حالت دیکھ کر اتنے گھبرا گئے تھے اس وقت دعوت نامے کس کو بھجواتے,corpus/US-Std/short/drama/audio/SPEAKER_1126_DRAMA_010976.wav,/content/urduspeech_std_download/corpus/US-Std/short/drama/audio/SPEAKER_1126_DRAMA_010976.wav,anxious and flustered,anxious and flustered,['anxious'],[],[],distress_only_anxious
DRAMA_011635,corpus/US-Std/short/drama,short,SPEAKER_1223_DRAMA_011635.wav,"hurried, slightly anxious",Distress,میں زیادہ دیر نہیں رہ سکتی,corpus/US-Std/short/drama/audio/SPEAKER_1223_DRAMA_011635.wav,/content/urduspeech_std_download/corpus/US-Std/short/drama/audio/SPEAKER_1223_DRAMA_011635.wav,"hurried, slightly anxious","hurried, slightly anxious",['anxious'],[],[],distress_only_anxious
DRAMA_012561,corpus/US-Std/short/drama,short,SPEAKER_1323_DRAMA_012561.wav,Anxious and urgent,Distress,اگر ہم وہاں گئے تو بورو بے نقاب ہو جائے گا,corpus/US-Std/short/drama/audio/SPEAKER_1323_DRAMA_012561.wav,/content/urduspeech_std_download/corpus/US-Std/short/drama/audio/SPEAKER_1323_DRAMA_012561.wav,Anxious and urgent,anxious and urgent,['anxious'],[],[],distress_only_anxious
DRAMA_012567,corpus/US-Std/short/drama,short,SPEAKER_1328_DRAMA_012567.wav,anxious and insistent,Distress,وہ بھی جلد آ جائے گا۔ تم یہیں رک کر آنے والوں کو راستہ دکھانا۔,corpus/US-Std/short/drama/audio/SPEAKER_1328_DRAMA_012567.wav,/content/urduspeech_std_download/corpus/US-Std/short/drama/audio/SPEAKER_1328_DRAMA_012567.wav,anxious and insistent,anxious and insistent,['anxious'],[],[],distress_only_anxious
DRAMA_012816,corpus/US-Std/short/drama,short,SPEAKER_1349_DRAMA_012816.wav,"anxious, filled with self-doubt",Distress,کیا میں ایک ایسی ماں بن سکوں گی جو اپنے بچوں کو درست راہ دکھا سکے؟,corpus/US-Std/short/drama/audio/SPEAKER_1349_DRAMA_012816.wav,/content/urduspeech_std_download/corpus/US-Std/short/drama/audio/SPEAKER_1349_DRAMA_012816.wav,"anxious, filled with self-doubt","anxious, filled with self-doubt",['anxious'],[],[],distress_only_anxious
DRAMA_013123,corpus/US-Std/short/drama,short,SPEAKER_1376_DRAMA_013123.wav,anxious and concerned,Distress,محاصرے کے بارے میں کوئی خبر؟ کیا صورت حال ہے؟,corpus/US-Std/short/drama/audio/SPEAKER_1376_DRAMA_013123.wav,/content/urduspeech_std_download/corpus/US-Std/short/drama/audio/SPEAKER_1376_DRAMA_013123.wav,anxious and concerned,anxious and concerned,['anxious'],[],[],distress_only_anxious
DRAMA_013359,corpus/US-Std/short/drama,short,SPEAKER_1391_DRAMA_013359.wav,anxious and stressed,Distress,اب اس کو यह तो नहीं बताना था ना कि आप आई हुई हैं यहां पर,corpus/US-Std/short/drama/audio/SPEAKER_1391_DRAMA_013359.wav,/content/urduspeech_std_download/corpus/US-Std/short/drama/audio/SPEAKER_1391_DRAMA_013359.wav,anxious and stressed,anxious and stressed,['anxious'],[],[],distress_only_anxious
DRAMA_013811,corpus/US-Std/short/drama,short,SPEAKER_1458_DRAMA_013811.wav,"anxious, stressed, and slightly apologetic",Distress,نہیں نا جی، میری بالکل تیاری نہیں ہے۔ مجھے پڑھنا ہے۔ اگر میرا ٹیسٹ نہ ہوتا تو میں ضرور چلی جاتی نابیہ کے ساتھ۔,corpus/US-Std/short/drama/audio/SPEAKER_1458_DRAMA_013811.wav,/content/urduspeech_std_download/corpus/US-Std/short/drama/audio/SPEAKER_1458_DRAMA_013811.wav,"anxious, stressed, and slightly apologetic","anxious, stressed, and slightly apologetic",['anxious'],[],[],distress_only_anxious
DRAMA_013822,corpus/US-Std/short/drama,short,SPEAKER_1458_DRAMA_013822.wav,concerned and slightly anxious,Distress,کل میرا ٹیسٹ ہے اسی لیے مجھے ساتھ لے جانا ضروری ہے,corpus/US-Std/short/drama/audio/SPEAKER_1458_DRAMA_013822.wav,/content/urduspeech_std_download/corpus/US-Std/short/drama/audio/SPEAKER_1458_DRAMA_013822.wav,concerned and slightly anxious,concerned and slightly anxious,['anxious'],[],[],distress_only_anxious
DRAMA_014167,corpus/US-Std/short/drama,short,SPEAKER_1474_DRAMA_014167.wav,Flustered and slightly anxious,Distress,ہمارا نام شاہ وے یہ ہماری بہن ہے شانتل,corpus/US-Std/short/drama/audio/SPEAKER_1474_DRAMA_014167.wav,/content/urduspeech_std_download/corpus/US-Std/short/drama/audio/SPEAKER_1474_DRAMA_014167.wav,Flustered and slightly anxious,flustered and slightly anxious,['anxious'],[],[],distress_only_anxious
FILM_000149,corpus/US-Std/short/film,short,SPEAKER_0018_FILM_000149.wav,"Initially persuasive and encouraging, then shifts to anxious and self-doubting with the second speaker's response",Distress,بس پٹو ابے سوچ تو جیت بھی سکتا ہے نہیں نہیں ٹھاکر جی یہ میرے جیسے لڑکے کا کام نہیں ہے,corpus/US-Std/short/film/audio/SPEAKER_0018_FILM_000149.wav,/content/urduspeech_std_download/corpus/US-Std/short/film/audio/SPEAKER_0018_FILM_000149.wav,"Initially persuasive and encouraging, then shifts to anxious and self-doubting with the second speaker's response","initially persuasive and encouraging, then shifts to anxious and self-doubting with the second speaker's response",['anxious'],[],[],distress_only_anxious
FILM_000331,corpus/US-Std/short/film,short,SPEAKER_0028_FILM_000331.wav,anxious and alarmed,Distress,ٹیپو، پاگل ہو تم؟ پکڑے گئے تو پتا ہے کیا ہوگا؟,corpus/US-Std/short/film/audio/SPEAKER_0028_FILM_000331.wav,/content/urduspeech_std_download/corpus/US-Std/short/film/audio/SPEAKER_0028_FILM_000331.wav,anxious and alarmed,anxious and alarmed,['anxious'],[],[],distress_only_anxious
FILM_000299,corpus/US-Std/short/film,short,SPEAKER_0030_FILM_000299.wav,"anxious, worried",Distress,ہم کیسے ڈھونڈیں گے فضیلہ کو؟,corpus/US-Std/short/film/audio/SPEAKER_0030_FILM_000299.wav,/content/urduspeech_std_download/corpus/US-Std/short/film/audio/SPEAKER_0030_FILM_000299.wav,"anxious, worried","anxious, worried",['anxious'],[],[],distress_only_anxious
FILM_000666,corpus/US-Std/short/film,short,SPEAKER_0072_FILM_000666.wav,Flustered and anxious,Distress,میں ٹیپو کا میرا مطلب ہے وکیل صاحب میں آپ کا شکریہ کیسے ادا کروں؟,corpus/US-Std/short/film/audio/SPEAKER_0072_FILM_000666.wav,/content/urduspeech_std_download/corpus/US-Std/short/film/audio/SPEAKER_0072_FILM_000666.wav,Flustered and anxious,flustered and anxious,['anxious'],[],[],distress_only_anxious
FILM_001062,corpus/US-Std/short/film,short,SPEAKER_0107_FILM_001062.wav,Alarmed and anxious,Distress,گاڑی کیوں روکی؟,corpus/US-Std/short/film/audio/SPEAKER_0107_FILM_001062.wav,/content/urduspeech_std_download/corpus/US-Std/short/film/audio/SPEAKER_0107_FILM_001062.wav,Alarmed and anxious,alarmed and anxious,['anxious'],[],[],distress_only_anxious
FILM_001354,corpus/US-Std/short/film,short,SPEAKER_0134_FILM_001354.wav,concerned and slightly anxious,Distress,سارہ کدھر ہے؟ یہیں کہیں ہوگی۔,corpus/US-Std/short/film/audio/SPEAKER_0134_FILM_001354.wav,/content/urduspeech_std_download/corpus/US-Std/short/film/audio/SPEAKER_0134_FILM_001354.wav,concerned and slightly anxious,concerned and slightly anxious,['anxious'],[],[],distress_only_anxious
FILM_001649,corpus/US-Std/short/film,short,SPEAKER_0165_FILM_001649.wav,"Urgent, slightly anxious",Distress,جلدی پہنچو,corpus/US-Std/short/film/audio/SPEAKER_0165_FILM_001649.wav,/content/urduspeech_std_download/corpus/US-Std/short/film/audio/SPEAKER_0165_FILM_001649.wav,"Urgent, slightly anxious","urgent, slightly anxious",['anxious'],[],[],distress_only_anxious
FILM_001949,corpus/US-Std/short/film,short,SPEAKER_0175_FILM_001949.wav,"anxious, concerned",Distress,اصل میں یار یہاں پہ,corpus/US-Std/short/film/audio/SPEAKER_0175_FILM_001949.wav,/content/urduspeech_std_download/corpus/US-Std/short/film/audio/SPEAKER_0175_FILM_001949.wav,"anxious, concerned","anxious, concerned",['anxious'],[],[],distress_only_anxious
FILM_002532,corpus/US-Std/short/film,short,SPEAKER_0175_FILM_002532.wav,Anxious and concerned,Distress,اتنا خون بہہ رہا ہے تم ڈاکٹر کے پاس کیوں نہیں جاتے؟,corpus/US-Std/short/film/audio/SPEAKER_0175_FILM_002532.wav,/content/urduspeech_std_download/corpus/US-Std/short/film/audio/SPEAKER_0175_FILM_002532.wav,Anxious and concerned,anxious and concerned,['anxious'],[],[],distress_only_anxious
FILM_002674,corpus/US-Std/short/film,short,SPEAKER_0175_FILM_002674.wav,"Flustered and anxious, with a sense of urgency",Distress,دانیال وہ تم تم وہ کیا بولتے ہو,corpus/US-Std/short/film/audio/SPEAKER_0175_FILM_002674.wav,/content/urduspeech_std_download/corpus/US-Std/short/film/audio/SPEAKER_0175_FILM_002674.wav,"Flustered and anxious, with a sense of urgency","flustered and anxious, with a sense of urgency",['anxious'],[],[],distress_only_anxious
FILM_002115,corpus/US-Std/short/film,short,SPEAKER_0190_FILM_002115.wav,anxious and worried,Distress,مینا، تمہاری طبیعت ٹھیک نہیں ہے؟ اسے کمرے میں لے جائیں۔ آؤ آؤ۔ رہنے دیں۔,corpus/US-Std/short/film/audio/SPEAKER_0190_FILM_002115.wav,/content/urduspeech_std_download/corpus/US-Std/short/film/audio/SPEAKER_0190_FILM_002115.wav,anxious and worried,anxious and worried,['anxious'],[],[],distress_only_anxious
FILM_002811,corpus/US-Std/short/film,short,SPEAKER_0217_FILM_002811.wav,Anxious and concerned,Distress,کیا پاپا جیپو کو ہمارے جیسا کرتے ہیں,corpus/US-Std/short/film/audio/SPEAKER_0217_FILM_002811.wav,/content/urduspeech_std_download/corpus/US-Std/short/film/audio/SPEAKER_0217_FILM_002811.wav,Anxious and concerned,anxious and concerned,['anxious'],[],[],distress_only_anxious
FILM_002750,corpus/US-Std/short/film,short,SPEAKER_0218_FILM_002750.wav,tentative and slightly anxious,Distress,تو ا پاپا زیزو کہہ رہا تھا کہ اگر ہم بھی آپ کے ساتھ,corpus/US-Std/short/film/audio/SPEAKER_0218_FILM_002750.wav,/content/urduspeech_std_download/corpus/US-Std/short/film/audio/SPEAKER_0218_FILM_002750.wav,tentative and slightly anxious,tentative and slightly anxious,['anxious'],[],[],distress_only_anxious
FILM_002865,corpus/US-Std/short/film,short,SPEAKER_0226_FILM_002865.wav,Defensive and anxious,Distress,اور یہ یہ کوکی صرف میں نے نہیں پھوڑی سستا,corpus/US-Std/short/film/audio/SPEAKER_0226_FILM_002865.wav,/content/urduspeech_std_download/corpus/US-Std/short/film/audio/SPEAKER_0226_FILM_002865.wav,Defensive and anxious,defensive and anxious,['anxious'],[],[],distress_only_anxious
FILM_002906,corpus/US-Std/short/film,short,SPEAKER_0226_FILM_002906.wav,anxious and concerned,Distress,لیکن ہوا کیا ہے؟ کسی نے کچھ کہا ہے تم سے؟,corpus/US-Std/short/film/audio/SPEAKER_0226_FILM_002906.wav,/content/urduspeech_std_download/corpus/US-Std/short/film/audio/SPEAKER_0226_FILM_002906.wav,anxious and concerned,anxious and concerned,['anxious'],[],[],distress_only_anxious
FILM_002919,corpus/US-Std/short/film,short,SPEAKER_0227_FILM_002919.wav,"Anxious, flustered",Distress,میری پ پ پ پ پ,corpus/US-Std/short/film/audio/SPEAKER_0227_FILM_002919.wav,/content/urduspeech_std_download/corpus/US-Std/short/film/audio/SPEAKER_0227_FILM_002919.wav,"Anxious, flustered","anxious, flustered",['anxious'],[],[],distress_only_anxious
FILM_002999,corpus/US-Std/short/film,short,SPEAKER_0229_FILM_002999.wav,anxious and insistent,Distress,یہ سب کام بہت پہلے کرنے کے تھے زعیم۔ ان کے گھر والے جمع ہیں۔ مجھے جانا ہے۔,corpus/US-Std/short/film/audio/SPEAKER_0229_FILM_002999.wav,/content/urduspeech_std_download/corpus/US-Std/short/film/audio/SPEAKER_0229_FILM_002999.wav,anxious and insistent,anxious and insistent,['anxious'],[],[],distress_only_anxious
FILM_003110,corpus/US-Std/short/film,short,SPEAKER_0238_FILM_003110.wav,Alarmed and anxious,Distress,پاپا کو اگر پتہ چلا کہ تم لوگوں نے ایسی بات سوچی بھی ہے نا,corpus/US-Std/short/film/audio/SPEAKER_0238_FILM_003110.wav,/content/urduspeech_std_download/corpus/US-Std/short/film/audio/SPEAKER_0238_FILM_003110.wav,Alarmed and anxious,alarmed and anxious,['anxious'],[],[],distress_only_anxious
FILM_003361,corpus/US-Std/short/film,short,SPEAKER_0243_FILM_003361.wav,Anxious and insistent,Distress,مجھے دکھاؤ ذرا۔ مجھے پاپا کو فون کرنا ہے۔ سگنل نہیں آ رہے ہیں۔,corpus/US-Std/short/film/audio/SPEAKER_0243_FILM_003361.wav,/content/urduspeech_std_download/corpus/US-Std/short/film/audio/SPEAKER_0243_FILM_003361.wav,Anxious and insistent,anxious and insistent,['anxious'],[],[],distress_only_anxious
FILM_003449,corpus/US-Std/short/film,short,SPEAKER_0260_FILM_003449.wav,impatient and mildly anxious,Distress,چلو جلدی کر لو بہت دیر ہو گئی ہے۔ اللہ خیر ہی کرے۔ پاپا کی جیپ کو کوئی دو کلومیٹر بھی چلا لیتا ہے نا تو شک ہو جاتا ہے انہیں انٹیروگیشن شروع ہو جاتی ہے۔,corpus/US-Std/short/film/audio/SPEAKER_0260_FILM_003449.wav,/content/urduspeech_std_download/corpus/US-Std/short/film/audio/SPEAKER_0260_FILM_003449.wav,impatient and mildly anxious,impatient and mildly anxious,['anxious'],[],[],distress_only_anxious
FILM_003577,corpus/US-Std/short/film,short,SPEAKER_0265_FILM_003577.wav,Anxious and questioning,Distress,تم اس میلے میں سے شام کو چھپا کر لے کر جاؤ گی؟,corpus/US-Std/short/film/audio/SPEAKER_0265_FILM_003577.wav,/content/urduspeech_std_download/corpus/US-Std/short/film/audio/SPEAKER_0265_FILM_003577.wav,Anxious and questioning,anxious and questioning,['anxious'],[],[],distress_only_anxious
FILM_003563,corpus/US-Std/short/film,short,SPEAKER_0271_FILM_003563.wav,anxious and persuasive,Distress,میری مانو تو ہم لوگ اپنے راستے چلتے ہیں۔ انہوں نے کہا نا کہ صبح ہوتے ہی سیم کو ملتان روڈ کے پٹرول پمپ پہ چھوڑ دیں گے۔,corpus/US-Std/short/film/audio/SPEAKER_0271_FILM_003563.wav,/content/urduspeech_std_download/corpus/US-Std/short/film/audio/SPEAKER_0271_FILM_003563.wav,anxious and persuasive,anxious and persuasive,['anxious'],[],[],distress_only_anxious
FILM_003853,corpus/US-Std/short/film,short,SPEAKER_0298_FILM_003853.wav,flustered and slightly anxious,Distress,بھائی جی سمجھو میں جُتی پہنی ہوئی ہے,corpus/US-Std/short/film/audio/SPEAKER_0298_FILM_003853.wav,/content/urduspeech_std_download/corpus/US-Std/short/film/audio/SPEAKER_0298_FILM_003853.wav,flustered and slightly anxious,flustered and slightly anxious,['anxious'],[],[],distress_only_anxious
FILM_003958,corpus/US-Std/short/film,short,SPEAKER_0306_FILM_003958.wav,"anxious and slightly irritated, with an undercurrent of urgency",Distress,اچھا بس۔ یہاں پے بھائی دوست۔ یہاں پے بھائی۔ بس بس بس۔ زیادہ نہ بولنا۔ آپا جی پہلے ہی ڈری ہوئی۔ ایویں نہ بول۔,corpus/US-Std/short/film/audio/SPEAKER_0306_FILM_003958.wav,/content/urduspeech_std_download/corpus/US-Std/short/film/audio/SPEAKER_0306_FILM_003958.wav,"anxious and slightly irritated, with an undercurrent of urgency","anxious and slightly irritated, with an undercurrent of urgency",['anxious'],[],[],distress_only_anxious
FILM_004383,corpus/US-Std/short/film,short,SPEAKER_0334_FILM_004383.wav,"Hurried, slightly anxious",Distress,ارے دیوی جی آپ ناشتہ نہیں کر کے جائیں گی؟ مجھے دیر ہو رہی ہے۔ امی سے کہنا کہ میں راستے میں,corpus/US-Std/short/film/audio/SPEAKER_0334_FILM_004383.wav,/content/urduspeech_std_download/corpus/US-Std/short/film/audio/SPEAKER_0334_FILM_004383.wav,"Hurried, slightly anxious","hurried, slightly anxious",['anxious'],[],[],distress_only_anxious
FILM_004524,corpus/US-Std/short/film,short,SPEAKER_0345_FILM_004524.wav,pleading and anxious,Distress,ایک منٹ بیبو جی۔ ایک بار مجھے اس سے بات کرنے دیں۔,corpus/US-Std/short/film/audio/SPEAKER_0345_FILM_004524.wav,/content/urduspeech_std_download/corpus/US-Std/short/film/audio/SPEAKER_0345_FILM_004524.wav,pleading and anxious,pleading and anxious,['anxious'],[],[],distress_only_anxious
FILM_005418,corpus/US-Std/short/film,short,SPEAKER_0458_FILM_005418.wav,Anxious and urgent,Distress,اوئے میں کیتے انگریزی والا لیٹ نہ ہو جاؤں یار چھیتی نال ایدھر آ,corpus/US-Std/short/film/audio/SPEAKER_0458_FILM_005418.wav,/content/urduspeech_std_download/corpus/US-Std/short/film/audio/SPEAKER_0458_FILM_005418.wav,Anxious and urgent,anxious and urgent,['anxious'],[],[],distress_only_anxious
FILM_005452,corpus/US-Std/short/film,short,SPEAKER_0460_FILM_005452.wav,tentative and slightly anxious,Distress,ہاں ٹھیک ارے نہیں کیسی باتیں کر رہے ہیں آپ ابا؟ ہاں؟ وہ ہاں؟,corpus/US-Std/short/film/audio/SPEAKER_0460_FILM_005452.wav,/content/urduspeech_std_download/corpus/US-Std/short/film/audio/SPEAKER_0460_FILM_005452.wav,tentative and slightly anxious,tentative and slightly anxious,['anxious'],[],[],distress_only_anxious
FILM_005471,corpus/US-Std/short/film,short,SPEAKER_0462_FILM_005471.wav,anxious,Distress,اچھا سر آپ نے,corpus/US-Std/short/film/audio/SPEAKER_0462_FILM_005471.wav,/content/urduspeech_std_download/corpus/US-Std/short/film/audio/SPEAKER_0462_FILM_005471.wav,anxious,anxious,['anxious'],[],[],distress_only_anxious
FILM_005690,corpus/US-Std/short/film,short,SPEAKER_0494_FILM_005690.wav,anxious and urgent,Distress,ارے بابو میرے سلو کی جان کے صدقے کی نیت کر کے کاٹو,corpus/US-Std/short/film/audio/SPEAKER_0494_FILM_005690.wav,/content/urduspeech_std_download/corpus/US-Std/short/film/audio/SPEAKER_0494_FILM_005690.wav,anxious and urgent,anxious and urgent,['anxious'],[],[],distress_only_anxious
FILM_005739,corpus/US-Std/short/film,short,SPEAKER_0497_FILM_005739.wav,Slightly anxious and questioning,Distress,نہیں میرا مطلب تھا کہ واپس تو نہیں لے لوگے,corpus/US-Std/short/film/audio/SPEAKER_0497_FILM_005739.wav,/content/urduspeech_std_download/corpus/US-Std/short/film/audio/SPEAKER_0497_FILM_005739.wav,Slightly anxious and questioning,slightly anxious and questioning,['anxious'],[],[],distress_only_anxious
FILM_005821,corpus/US-Std/short/film,short,SPEAKER_0512_FILM_005821.wav,anxious and concerned,Distress,ہاں یار کس کے پکڑو بچہ ہلے نہیں ابے کچھ نہیں ہوتا اوپر دیکھ چڑیا,corpus/US-Std/short/film/audio/SPEAKER_0512_FILM_005821.wav,/content/urduspeech_std_download/corpus/US-Std/short/film/audio/SPEAKER_0512_FILM_005821.wav,anxious and concerned,anxious and concerned,['anxious'],[],[],distress_only_anxious
FILM_005833,corpus/US-Std/short/film,short,SPEAKER_0513_FILM_005833.wav,Anxious and urgent,Distress,ہاں جی ابا سلو,corpus/US-Std/short/film/audio/SPEAKER_0513_FILM_005833.wav,/content/urduspeech_std_download/corpus/US-Std/short/film/audio/SPEAKER_0513_FILM_005833.wav,Anxious and urgent,anxious and urgent,['anxious'],[],[],distress_only_anxious
FILM_005926,corpus/US-Std/short/film,short,SPEAKER_0527_FILM_005926.wav,stressed and anxious,Distress,بہت مشکل ہو گئی ہے تم سمجھ رہی ہو,corpus/US-Std/short/film/audio/SPEAKER_0527_FILM_005926.wav,/content/urduspeech_std_download/corpus/US-Std/short/film/audio/SPEAKER_0527_FILM_005926.wav,stressed and anxious,stressed and anxious,['anxious'],[],[],distress_only_anxious
FOOD_001718,corpus/US-Std/short/food,short,SPEAKER_0089_FOOD_001718.wav,"anxious, somewhat flustered",Distress,مجھے لگتا ہے میں پاکستان میں,corpus/US-Std/short/food/audio/SPEAKER_0089_FOOD_001718.wav,/content/urduspeech_std_download/corpus/US-Std/short/food/audio/SPEAKER_0089_FOOD_001718.wav,"anxious, somewhat flustered","anxious, somewhat flustered",['anxious'],[],[],distress_only_anxious
ROADSIDE_INTERVIEW,corpus/US-Std/short/roadside_interview,short,SPEAKER_0027_ROADSIDE_INTERVIEW_000671.wav,anxious and hurried,Distress,اے ہے ہے ہے,corpus/US-Std/short/roadside_interview/audio/SPEAKER_0027_ROADSIDE_INTERVIEW_000671.wav,/content/urduspeech_std_download/corpus/US-Std/short/roadside_interview/audio/SPEAKER_0027_ROADSIDE_INTERVIEW_000671.wav,anxious and hurried,anxious and hurried,['anxious'],[],[],distress_only_anxious
ROADSIDE_INTERVIEW,corpus/US-Std/short/roadside_interview,short,SPEAKER_0035_ROADSIDE_INTERVIEW_001048.wav,Urgent and slightly anxious,Distress,اے ہے ہے ہے,corpus/US-Std/short/roadside_interview/audio/SPEAKER_0035_ROADSIDE_INTERVIEW_001048.wav,/content/urduspeech_std_download/corpus/US-Std/short/roadside_interview/audio/SPEAKER_0035_ROADSIDE_INTERVIEW_001048.wav,Urgent and slightly anxious,urgent and slightly anxious,['anxious'],[],[],distress_only_anxious
ROADSIDE_INTERVIEW,corpus/US-Std/short/roadside_interview,short,SPEAKER_0061_ROADSIDE_INTERVIEW_001266.wav,anxious and slightly self-deprecating,Distress,اے ہے ہے ہے,corpus/US-Std/short/roadside_interview/audio/SPEAKER_0061_ROADSIDE_INTERVIEW_001266.wav,/content/urduspeech_std_download/corpus/US-Std/short/roadside_interview/audio/SPEAKER_0061_ROADSIDE_INTERVIEW_001266.wav,anxious and slightly self-deprecating,anxious and slightly self-deprecating,['anxious'],[],[],distress_only_anxious
ROADSIDE_INTERVIEW,corpus/US-Std/short/roadside_interview,short,SPEAKER_0093_ROADSIDE_INTERVIEW_001619.wav,anxious and concerned,Distress,اے ہے ہے ہے,corpus/US-Std/short/roadside_interview/audio/SPEAKER_0093_ROADSIDE_INTERVIEW_001619.wav,/content/urduspeech_std_download/corpus/US-Std/short/roadside_interview/audio/SPEAKER_0093_ROADSIDE_INTERVIEW_001619.wav,anxious and concerned,anxious and concerned,['anxious'],[],[],distress_only_anxious
ROADSIDE_INTERVIEW,corpus/US-Std/short/roadside_interview,short,SPEAKER_0223_ROADSIDE_INTERVIEW_003414.wav,Anxious and exasperated,Distress,اے ہے ہے ہے,corpus/US-Std/short/roadside_interview/audio/SPEAKER_0223_ROADSIDE_INTERVIEW_003414.wav,/content/urduspeech_std_download/corpus/US-Std/short/roadside_interview/audio/SPEAKER_0223_ROADSIDE_INTERVIEW_003414.wav,Anxious and exasperated,anxious and exasperated,['anxious'],[],[],distress_only_anxious
ROADSIDE_INTERVIEW,corpus/US-Std/short/roadside_interview,short,SPEAKER_0296_ROADSIDE_INTERVIEW_004501.wav,"energetic, slightly anxious",Distress,اے ہے ہے ہے,corpus/US-Std/short/roadside_interview/audio/SPEAKER_0296_ROADSIDE_INTERVIEW_004501.wav,/content/urduspeech_std_download/corpus/US-Std/short/roadside_interview/audio/SPEAKER_0296_ROADSIDE_INTERVIEW_004501.wav,"energetic, slightly anxious","energetic, slightly anxious",['anxious'],[],[],distress_only_anxious
VLOGS_000283,corpus/US-Std/short/vlogs,short,SPEAKER_0006_VLOGS_000283.wav,anxious and slightly defensive,Distress,آپ جب میں نکل رہی تھی آپ نے کہا تھا سو سو میں کہا,corpus/US-Std/short/vlogs/audio/SPEAKER_0006_VLOGS_000283.wav,/content/urduspeech_std_download/corpus/US-Std/short/vlogs/audio/SPEAKER_0006_VLOGS_000283.wav,anxious and slightly defensive,anxious and slightly defensive,['anxious'],[],[],distress_only_anxious
VLOGS_000290,corpus/US-Std/short/vlogs,short,SPEAKER_0006_VLOGS_000290.wav,"cheerful and slightly anxious, seeking reassurance",Distress,مما کیسی ہیں آپ ٹھیک ہیں اچھی لگ رہی ہوں میں؟ ہاں ٹھیک ہے میک اپ میرا صحیح ہے بس میں نے اوکے اوکے کر لیا تھا جلدی میں جتنا کر سکتی تھی۔ اچھا ہے بہت اچھا ہے۔,corpus/US-Std/short/vlogs/audio/SPEAKER_0006_VLOGS_000290.wav,/content/urduspeech_std_download/corpus/US-Std/short/vlogs/audio/SPEAKER_0006_VLOGS_000290.wav,"cheerful and slightly anxious, seeking reassurance","cheerful and slightly anxious, seeking reassurance",['anxious'],[],[],distress_only_anxious
VLOGS_000115,corpus/US-Std/short/vlogs,short,SPEAKER_0007_VLOGS_000115.wav,Anxious and concerned,Distress,یار پتا نہیں، وہ ادھر ہی ہو گی کہیں، چلی تو نہیں گئی؟,corpus/US-Std/short/vlogs/audio/SPEAKER_0007_VLOGS_000115.wav,/content/urduspeech_std_download/corpus/US-Std/short/vlogs/audio/SPEAKER_0007_VLOGS_000115.wav,Anxious and concerned,anxious and concerned,['anxious'],[],[],distress_only_anxious
VLOGS_001355,corpus/US-Std/short/vlogs,short,SPEAKER_0058_VLOGS_001355.wav,Slightly hurried and anxious,Distress,نہیں نہیں نہیں میری نہیں میری نہیں ہے۔ ہاں جاننے والوں کی ہے۔ تو تھوڑا جلدی کر کے ذرا مجھے پھر,corpus/US-Std/short/vlogs/audio/SPEAKER_0058_VLOGS_001355.wav,/content/urduspeech_std_download/corpus/US-Std/short/vlogs/audio/SPEAKER_0058_VLOGS_001355.wav,Slightly hurried and anxious,slightly hurried and anxious,['anxious'],[],[],distress_only_anxious
VLOGS_001403,corpus/US-Std/short/vlogs,short,SPEAKER_0058_VLOGS_001403.wav,anxious and frantic,Distress,وہاں ہے، وہاں بھی نہیں ہے، وہاں بھی نہیں ہے۔ نہیں نہیں پیچھے,corpus/US-Std/short/vlogs/audio/SPEAKER_0058_VLOGS_001403.wav,/content/urduspeech_std_download/corpus/US-Std/short/vlogs/audio/SPEAKER_0058_VLOGS_001403.wav,anxious and frantic,anxious and frantic,['anxious'],[],[],distress_only_anxious
VLOGS_001429,corpus/US-Std/short/vlogs,short,SPEAKER_0061_VLOGS_001429.wav,"anxious, hurried",Distress,میں کہہ رہی ہوں,corpus/US-Std/short/vlogs/audio/SPEAKER_0061_VLOGS_001429.wav,/content/urduspeech_std_download/corpus/US-Std/short/vlogs/audio/SPEAKER_0061_VLOGS_001429.wav,"anxious, hurried","anxious, hurried",['anxious'],[],[],distress_only_anxious
VLOGS_001993,corpus/US-Std/short/vlogs,short,SPEAKER_0091_VLOGS_001993.wav,Agitated and anxious,Distress,یار آپ لوگ آنے دو گے باہر سے؟,corpus/US-Std/short/vlogs/audio/SPEAKER_0091_VLOGS_001993.wav,/content/urduspeech_std_download/corpus/US-Std/short/vlogs/audio/SPEAKER_0091_VLOGS_001993.wav,Agitated and anxious,agitated and anxious,['anxious'],[],[],distress_only_anxious
VLOGS_002090,corpus/US-Std/short/vlogs,short,SPEAKER_0094_VLOGS_002090.wav,anxious,Distress,میری ہفتے بعد,corpus/US-Std/short/vlogs/audio/SPEAKER_0094_VLOGS_002090.wav,/content/urduspeech_std_download/corpus/US-Std/short/vlogs/audio/SPEAKER_0094_VLOGS_002090.wav,anxious,anxious,['anxious'],[],[],distress_only_anxious
VLOGS_002397,corpus/US-Std/short/vlogs,short,SPEAKER_0114_VLOGS_002397.wav,anxious agreement,Distress,سانپ ہوتا ہے یہ یہ یہ یہی ڈر ہوتا ہے,corpus/US-Std/short/vlogs/audio/SPEAKER_0114_VLOGS_002397.wav,/content/urduspeech_std_download/corpus/US-Std/short/vlogs/audio/SPEAKER_0114_VLOGS_002397.wav,anxious agreement,anxious agreement,['anxious'],[],[],distress_only_anxious
DRAMA_001138,corpus/US-Std/long/drama,long,SPEAKER_0148_DRAMA_001138.wav,calmly threatening and confident,Aggression,سب مل کر بھی میرا مقابلہ نہیں کر سکتے۔ کیونکہ جہاں تمہاری سوچ ختم ہوتی ہے نا وہاں سے میری سوچ اور میرا عمل شروع ہوتا ہے۔ اور یہ بات جب تک تمہاری سمجھ میں آئے گی اس وقت تک پلوں کے نیچے سے بہت سا پانی بہہ چکا ہوگا۔,corpus/US-Std/long/drama/audio/SPEAKER_0148_DRAMA_001138.wav,/content/urduspeech_std_download/corpus/US-Std/long/drama/audio/SPEAKER_0148_DRAMA_001138.wav,calmly threatening and confident,calmly threatening and confident,[],['threat'],['calm'],aggression_only_threat
DRAMA_005780,corpus/US-Std/long/drama,long,SPEAKER_0506_DRAMA_005780.wav,"Assertive and defiant, conveying a sense of threat",Aggression,کیا ارادہ ہے اب میرا یہ پتہ بھی چل جائے گا وہ تماشا بن جائے گا مجھ سے جو ٹکرائے گا میں آفت ہوں,corpus/US-Std/long/drama/audio/SPEAKER_0506_DRAMA_005780.wav,/content/urduspeech_std_download/corpus/US-Std/long/drama/audio/SPEAKER_0506_DRAMA_005780.wav,"Assertive and defiant, conveying a sense of threat","assertive and defiant, conveying a sense of threat",[],['threat'],[],aggression_only_threat
DRAMA_006231,corpus/US-Std/long/drama,long,SPEAKER_0546_DRAMA_006231.wav,assertive and threatening,Aggression,یہی قدرت ہے۔ جب ہم یروشلم واپس جائیں گے تو یہ بات اپنے ذہن میں رکھنا کہ میں تمہاری جان بچا بھی سکتی ہوں اور,corpus/US-Std/long/drama/audio/SPEAKER_0546_DRAMA_006231.wav,/content/urduspeech_std_download/corpus/US-Std/long/drama/audio/SPEAKER_0546_DRAMA_006231.wav,assertive and threatening,assertive and threatening,[],['threat'],[],aggression_only_threat
DRAMA_009298,corpus/US-Std/long/drama,long,SPEAKER_0915_DRAMA_009298.wav,Playfully threatening and theatrically indignant.,Aggression,اچھا کھا لو میری جھوٹی قسم۔ کھا لو۔ لیکن یاد رکھنا میں اتنی جلدی مرنے والی ہوں نہیں۔ تمہاری جان نہیں چھوڑوں گی میں۔,corpus/US-Std/long/drama/audio/SPEAKER_0915_DRAMA_009298.wav,/content/urduspeech_std_download/corpus/US-Std/long/drama/audio/SPEAKER_0915_DRAMA_009298.wav,Playfully threatening and theatrically indignant.,playfully threatening and theatrically indignant.,[],['threat'],[],aggression_only_threat
DRAMA_013181,corpus/US-Std/long/drama,long,SPEAKER_1370_DRAMA_013181.wav,grim determination shifting to a threatening resolve,Aggression,اگر ہم وہاں گئے تو بورو بے نقاب ہو جائے گا۔ اور اگر بورو خطرے میں پڑ گیا یا اگر پیلین نے شیٹلیو نے لارڈ گائے کا ساتھ دے دیا آہ گوک بورو ٹھیک کہتا ہے۔ اگر بورو کو کوئی خطرہ ہوا تو ہم ان سب کو کاٹ ڈالیں گے۔,corpus/US-Std/long/drama/audio/SPEAKER_1370_DRAMA_013181.wav,/content/urduspeech_std_download/corpus/US-Std/long/drama/audio/SPEAKER_1370_DRAMA_013181.wav,grim determination shifting to a threatening resolve,grim determination shifting to a threatening resolve,[],['threat'],[],aggression_only_threat
FILM_000519,corpus/US-Std/long/film,long,SPEAKER_0053_FILM_000519.wav,"menacing, threatening, with underlying malice",Aggression,محبت کی تو فطرت میں ہے، کسی کو شاد کرنا، باقیوں کو برباد کرنا۔ برباد ہو جائے گی تو ٹیپو کی ماں، برباد ہو جائے گی۔,corpus/US-Std/long/film/audio/SPEAKER_0053_FILM_000519.wav,/content/urduspeech_std_download/corpus/US-Std/long/film/audio/SPEAKER_0053_FILM_000519.wav,"menacing, threatening, with underlying malice","menacing, threatening, with underlying malice",[],['threat'],[],aggression_only_threat
FILM_000264,corpus/US-Std/long/film,long,SPEAKER_0031_FILM_000264.wav,"Stern and threatening, conveying serious warning",Aggression,کان کھول کر میری بات سن لو۔ اگر اس گھر کے کونوں کھدروں میں تم دونوں ندیم اور شبنم والا رومانس کرتے ہوئے پکڑے گئے تو ایمان سے اسی وقت کنکٹے کو فون لگا کے اس کا نکاح پڑھوا دوں گی۔,corpus/US-Std/long/film/audio/SPEAKER_0031_FILM_000264.wav,/content/urduspeech_std_download/corpus/US-Std/long/film/audio/SPEAKER_0031_FILM_000264.wav,"Stern and threatening, conveying serious warning","stern and threatening, conveying serious warning",[],['threat'],[],aggression_only_threat
COMEDY_SHOW,corpus/US-Std/short/comedy_show,short,SPEAKER_0072_COMEDY_SHOW_002163.wav,Threatening,Aggression,بند کرو یہ سارے لائٹاں کیمرے,corpus/US-Std/short/comedy_show/audio/SPEAKER_0072_COMEDY_SHOW_002163.wav,/content/urduspeech_std_download/corpus/US-Std/short/comedy_show/audio/SPEAKER_0072_COMEDY_SHOW_002163.wav,Threatening,threatening,[],['threat'],[],aggression_only_threat
COMEDY_SHOW,corpus/US-Std/short/comedy_show,short,SPEAKER_0072_COMEDY_SHOW_002206.wav,"Initially placating, quickly shifting to restrained irritation and a threatening demeanor",Aggression,بند کرو یہ سارے لائٹاں کیمرے,corpus/US-Std/short/comedy_show/audio/SPEAKER_0072_COMEDY_SHOW_002206.wav,/content/urduspeech_std_download/corpus/US-Std/short/comedy_show/audio/SPEAKER_0072_COMEDY_SHOW_002206.wav,"Initially placating, quickly shifting to restrained irritation and a threatening demeanor","initially placating, quickly shifting to restrained irritation and a threatening demeanor",[],['threat'],[],aggression_only_threat
COMEDY_SHOW,corpus/US-Std/short/comedy_show,short,SPEAKER_0117_COMEDY_SHOW_003220.wav,Agitated and threatening,Aggression,بند کرو یہ سارے لائٹاں کیمرے,corpus/US-Std/short/comedy_show/audio/SPEAKER_0117_COMEDY_SHOW_003220.wav,/content/urduspeech_std_download/corpus/US-Std/short/comedy_show/audio/SPEAKER_0117_COMEDY_SHOW_003220.wav,Agitated and threatening,agitated and threatening,[],['threat'],[],aggression_only_threat
COMEDY_SHOW,corpus/US-Std/short/comedy_show,short,SPEAKER_0156_COMEDY_SHOW_004419.wav,Threatening and intense,Aggression,بند کرو یہ سارے لائٹاں کیمرے,corpus/US-Std/short/comedy_show/audio/SPEAKER_0156_COMEDY_SHOW_004419.wav,/content/urduspeech_std_download/corpus/US-Std/short/comedy_show/audio/SPEAKER_0156_COMEDY_SHOW_004419.wav,Threatening and intense,threatening and intense,[],['threat'],[],aggression_only_threat
COMEDY_SHOW,corpus/US-Std/short/comedy_show,short,SPEAKER_0172_COMEDY_SHOW_004788.wav,shifts from inquisitive to intensely possessive and threatening,Aggression,بند کرو یہ سارے لائٹاں کیمرے,corpus/US-Std/short/comedy_show/audio/SPEAKER_0172_COMEDY_SHOW_004788.wav,/content/urduspeech_std_download/corpus/US-Std/short/comedy_show/audio/SPEAKER_0172_COMEDY_SHOW_004788.wav,shifts from inquisitive to intensely possessive and threatening,shifts from inquisitive to intensely possessive and threatening,[],['threat'],[],aggression_only_threat
COMEDY_SHOW,corpus/US-Std/short/comedy_show,short,SPEAKER_0276_COMEDY_SHOW_008564.wav,Annoyed and threatening,Aggression,بند کرو یہ سارے لائٹاں کیمرے,corpus/US-Std/short/comedy_show/audio/SPEAKER_0276_COMEDY_SHOW_008564.wav,/content/urduspeech_std_download/corpus/US-Std/short/comedy_show/audio/SPEAKER_0276_COMEDY_SHOW_008564.wav,Annoyed and threatening,annoyed and threatening,[],['threat'],[],aggression_only_threat
COMEDY_SHOW,corpus/US-Std/short/comedy_show,short,SPEAKER_0279_COMEDY_SHOW_009115.wav,Determined and threatening,Aggression,بند کرو یہ سارے لائٹاں کیمرے,corpus/US-Std/short/comedy_show/audio/SPEAKER_0279_COMEDY_SHOW_009115.wav,/content/urduspeech_std_download/corpus/US-Std/short/comedy_show/audio/SPEAKER_0279_COMEDY_SHOW_009115.wav,Determined and threatening,determined and threatening,[],['threat'],[],aggression_only_threat
DRAMA_000228,corpus/US-Std/short/drama,short,SPEAKER_0028_DRAMA_000228.wav,Playfully threatening with an undercurrent of indignation,Aggression,میں نے بھی نا پھر بتا دینا ہے اس میک اپ کے اسٹال والی آرزو سے نا آپ کا چکر چل رہا ہے,corpus/US-Std/short/drama/audio/SPEAKER_0028_DRAMA_000228.wav,/content/urduspeech_std_download/corpus/US-Std/short/drama/audio/SPEAKER_0028_DRAMA_000228.wav,Playfully threatening with an undercurrent of indignation,playfully threatening with an undercurrent of indignation,[],['threat'],[],aggression_only_threat
DRAMA_000375,corpus/US-Std/short/drama,short,SPEAKER_0046_DRAMA_000375.wav,confrontational and threatening,Aggression,میں نے بھی نا پھر بتا دینا ہے کہ اس میک اپ کے اسٹال والی آرزو سے نا آپ کا چکر چل رہا ہے۔,corpus/US-Std/short/drama/audio/SPEAKER_0046_DRAMA_000375.wav,/content/urduspeech_std_download/corpus/US-Std/short/drama/audio/SPEAKER_0046_DRAMA_000375.wav,confrontational and threatening,confrontational and threatening,[],['threat'],[],aggression_only_threat
DRAMA_000688,corpus/US-Std/short/drama,short,SPEAKER_0095_DRAMA_000688.wav,coldly menacing and threatening,Aggression,یہ کیا کر رہی ہو؟ جان سے تو اب آپ,corpus/US-Std/short/drama/audio/SPEAKER_0095_DRAMA_000688.wav,/content/urduspeech_std_download/corpus/US-Std/short/drama/audio/SPEAKER_0095_DRAMA_000688.wav,coldly menacing and threatening,coldly menacing and threatening,[],['threat'],[],aggression_only_threat
DRAMA_000998,corpus/US-Std/short/drama,short,SPEAKER_0128_DRAMA_000998.wav,Assertive shifting to threatening,Aggression,دیکھیں میرا خیال ہے کہ آپ کو یہاں سے چلے جانا چاہیے ورنہ ہم گارڈز کو بلوا لیں گے۔ کیوں بلوا لیں گے؟,corpus/US-Std/short/drama/audio/SPEAKER_0128_DRAMA_000998.wav,/content/urduspeech_std_download/corpus/US-Std/short/drama/audio/SPEAKER_0128_DRAMA_000998.wav,Assertive shifting to threatening,assertive shifting to threatening,[],['threat'],[],aggression_only_threat
DRAMA_001529,corpus/US-Std/short/drama,short,SPEAKER_0179_DRAMA_001529.wav,"Menacing, threatening",Aggression,میں تم سے بڑی بد دعا,corpus/US-Std/short/drama/audio/SPEAKER_0179_DRAMA_001529.wav,/content/urduspeech_std_download/corpus/US-Std/short/drama/audio/SPEAKER_0179_DRAMA_001529.wav,"Menacing, threatening","menacing, threatening",[],['threat'],[],aggression_only_threat
DRAMA_001503,corpus/US-Std/short/drama,short,SPEAKER_0188_DRAMA_001503.wav,"Initially self-righteous, escalating to assertive and threatening.",Aggression,میں ایک شریف آدمی ہوں۔ اور اگر مجھے اسی وقت رہا نہ کیا گیا تو ذمہ داری آپ لوگوں کی اپنی ہوگی۔ میں عدالت تک جاؤں گا۔ جناب اگر,corpus/US-Std/short/drama/audio/SPEAKER_0188_DRAMA_001503.wav,/content/urduspeech_std_download/corpus/US-Std/short/drama/audio/SPEAKER_0188_DRAMA_001503.wav,"Initially self-righteous, escalating to assertive and threatening.","initially self-righteous, escalating to assertive and threatening.",[],['threat'],[],aggression_only_threat
DRAMA_001744,corpus/US-Std/short/drama,short,SPEAKER_0207_DRAMA_001744.wav,"intense, threatening",Aggression,میری شدت کا پتہ چل جائے گا,corpus/US-Std/short/drama/audio/SPEAKER_0207_DRAMA_001744.wav,/content/urduspeech_std_download/corpus/US-Std/short/drama/audio/SPEAKER_0207_DRAMA_001744.wav,"intense, threatening","intense, threatening",[],['threat'],[],aggression_only_threat
DRAMA_002196,corpus/US-Std/short/drama,short,SPEAKER_0242_DRAMA_002196.wav,stern and threatening,Aggression,اور آپ کے بلال بھائی کے ساتھ ساتھ آپ کو بھی نہیں چھوڑیں گے,corpus/US-Std/short/drama/audio/SPEAKER_0242_DRAMA_002196.wav,/content/urduspeech_std_download/corpus/US-Std/short/drama/audio/SPEAKER_0242_DRAMA_002196.wav,stern and threatening,stern and threatening,[],['threat'],[],aggression_only_threat
DRAMA_002235,corpus/US-Std/short/drama,short,SPEAKER_0243_DRAMA_002235.wav,Demanding and threatening,Aggression,میں یہ چاہتی ہوں کہ ارباز کی ماں کے زیور اور اس کے باپ کی پراپرٹی کے سارے کاغذات تم میرے حوالے کر دو سیدھی طرح سے اس سے زیادہ مجھے کچھ نہیں چاہیے,corpus/US-Std/short/drama/audio/SPEAKER_0243_DRAMA_002235.wav,/content/urduspeech_std_download/corpus/US-Std/short/drama/audio/SPEAKER_0243_DRAMA_002235.wav,Demanding and threatening,demanding and threatening,[],['threat'],[],aggression_only_threat
DRAMA_003792,corpus/US-Std/short/drama,short,SPEAKER_0327_DRAMA_003792.wav,Threatening and menacing,Aggression,اہ گوکبرو ٹھیک کہتا ہے۔ اگر مورو کو کوئی خطرہ ہوا تو ہم ان سب کو کاٹ ڈالیں گے۔,corpus/US-Std/short/drama/audio/SPEAKER_0327_DRAMA_003792.wav,/content/urduspeech_std_download/corpus/US-Std/short/drama/audio/SPEAKER_0327_DRAMA_003792.wav,Threatening and menacing,threatening and menacing,[],['threat'],[],aggression_only_threat
DRAMA_004582,corpus/US-Std/short/drama,short,SPEAKER_0408_DRAMA_004582.wav,"menacing, threatening",Aggression,میں اس کا کزن ہوں، وہ مجھے نہیں چھوڑتی تو تمہیں کیسے بخش دے گی۔,corpus/US-Std/short/drama/audio/SPEAKER_0408_DRAMA_004582.wav,/content/urduspeech_std_download/corpus/US-Std/short/drama/audio/SPEAKER_0408_DRAMA_004582.wav,"menacing, threatening","menacing, threatening",[],['threat'],[],aggression_only_threat
DRAMA_005197,corpus/US-Std/short/drama,short,SPEAKER_0446_DRAMA_005197.wav,Concern mixed with a sense of veiled threat.,Aggression,اور انابیہ کو کچھ ہو گیا تو سب سے زیادہ تکلیف تمہارے بابا صاحب کو ہوگی۔,corpus/US-Std/short/drama/audio/SPEAKER_0446_DRAMA_005197.wav,/content/urduspeech_std_download/corpus/US-Std/short/drama/audio/SPEAKER_0446_DRAMA_005197.wav,Concern mixed with a sense of veiled threat.,concern mixed with a sense of veiled threat.,[],['threat'],[],aggression_only_threat
DRAMA_005900,corpus/US-Std/short/drama,short,SPEAKER_0515_DRAMA_005900.wav,threatening and determined,Aggression,تب تک نہیں چھوڑوں گا جب تک تم اقرار نہیں کر لیتے,corpus/US-Std/short/drama/audio/SPEAKER_0515_DRAMA_005900.wav,/content/urduspeech_std_download/corpus/US-Std/short/drama/audio/SPEAKER_0515_DRAMA_005900.wav,threatening and determined,threatening and determined,[],['threat'],[],aggression_only_threat
DRAMA_006263,corpus/US-Std/short/drama,short,SPEAKER_0544_DRAMA_006263.wav,Menacing and threatening,Aggression,خوش آمدید خوش آمدید خوش آمدید خوش آمدید,corpus/US-Std/short/drama/audio/SPEAKER_0544_DRAMA_006263.wav,/content/urduspeech_std_download/corpus/US-Std/short/drama/audio/SPEAKER_0544_DRAMA_006263.wav,Menacing and threatening,menacing and threatening,[],['threat'],[],aggression_only_threat
DRAMA_007306,corpus/US-Std/short/drama,short,SPEAKER_0690_DRAMA_007306.wav,Menacing and subtly threatening,Aggression,تم کیا سمجھتی تھی کہ تم مجھے انکار کرو گی تو میں خاموش ہو جاؤں گا ابے تو کل نہ آئی نہ,corpus/US-Std/short/drama/audio/SPEAKER_0690_DRAMA_007306.wav,/content/urduspeech_std_download/corpus/US-Std/short/drama/audio/SPEAKER_0690_DRAMA_007306.wav,Menacing and subtly threatening,menacing and subtly threatening,[],['threat'],[],aggression_only_threat
DRAMA_007580,corpus/US-Std/short/drama,short,SPEAKER_0730_DRAMA_007580.wav,threatening,Aggression,تمہاری کی حرکت کی سزا تو ہم سب کو ملے گی۔,corpus/US-Std/short/drama/audio/SPEAKER_0730_DRAMA_007580.wav,/content/urduspeech_std_download/corpus/US-Std/short/drama/audio/SPEAKER_0730_DRAMA_007580.wav,threatening,threatening,[],['threat'],[],aggression_only_threat
DRAMA_010877,corpus/US-Std/short/drama,short,SPEAKER_1106_DRAMA_010877.wav,authoritative and threatening,Aggression,تمہاری یہ ساری شاپنگ اور جتنی سہولتیں تمہیں ملی ہوئی ہیں نا اس گھر میں وہ سب ختم۔,corpus/US-Std/short/drama/audio/SPEAKER_1106_DRAMA_010877.wav,/content/urduspeech_std_download/corpus/US-Std/short/drama/audio/SPEAKER_1106_DRAMA_010877.wav,authoritative and threatening,authoritative and threatening,[],['threat'],[],aggression_only_threat
DRAMA_010951,corpus/US-Std/short/drama,short,SPEAKER_1119_DRAMA_010951.wav,"Stern and assertive, conveying a sense of admonishment and a veiled threat.",Aggression,دیکھ لو ایسی کوئی بات ہونی بھی نہیں چاہیے ورنہ,corpus/US-Std/short/drama/audio/SPEAKER_1119_DRAMA_010951.wav,/content/urduspeech_std_download/corpus/US-Std/short/drama/audio/SPEAKER_1119_DRAMA_010951.wav,"Stern and assertive, conveying a sense of admonishment and a veiled threat.","stern and assertive, conveying a sense of admonishment and a veiled threat.",[],['threat'],[],aggression_only_threat
DRAMA_011491,corpus/US-Std/short/drama,short,SPEAKER_1213_DRAMA_011491.wav,Menacing and quietly threatening,Aggression,میں باہر کھڑا ہوں پنجہ تو واسطہ کھا دے,corpus/US-Std/short/drama/audio/SPEAKER_1213_DRAMA_011491.wav,/content/urduspeech_std_download/corpus/US-Std/short/drama/audio/SPEAKER_1213_DRAMA_011491.wav,Menacing and quietly threatening,menacing and quietly threatening,[],['threat'],[],aggression_only_threat
DRAMA_012935,corpus/US-Std/short/drama,short,SPEAKER_1363_DRAMA_012935.wav,"Demanding and insistent, escalating to a threatening urgency.",Aggression,او بچے سے سجادے نا اس سے، وعدہ کرو مجھ سے۔ اچھا ٹھیک ہے۔ ہاں وعدہ کرو۔ وعدہ۔ وعدہ کیا، ورنہ پی جاؤں گا میں۔,corpus/US-Std/short/drama/audio/SPEAKER_1363_DRAMA_012935.wav,/content/urduspeech_std_download/corpus/US-Std/short/drama/audio/SPEAKER_1363_DRAMA_012935.wav,"Demanding and insistent, escalating to a threatening urgency.","demanding and insistent, escalating to a threatening urgency.",[],['threat'],[],aggression_only_threat
DRAMA_014384,corpus/US-Std/short/drama,short,SPEAKER_1492_DRAMA_014384.wav,threatening and confident,Aggression,کدھر تک بھاگے گا ہم بھی تم کو پکڑ کر لائے,corpus/US-Std/short/drama/audio/SPEAKER_1492_DRAMA_014384.wav,/content/urduspeech_std_download/corpus/US-Std/short/drama/audio/SPEAKER_1492_DRAMA_014384.wav,threatening and confident,threatening and confident,[],['threat'],[],aggression_only_threat
DRAMA_014613,corpus/US-Std/short/drama,short,SPEAKER_1528_DRAMA_014613.wav,Intense and threatening,Aggression,مالک کچھ بھی کرو وہ لڑکے میرا نام نہ لے بس,corpus/US-Std/short/drama/audio/SPEAKER_1528_DRAMA_014613.wav,/content/urduspeech_std_download/corpus/US-Std/short/drama/audio/SPEAKER_1528_DRAMA_014613.wav,Intense and threatening,intense and threatening,[],['threat'],[],aggression_only_threat
DRAMA_006320,corpus/US-Std/short/drama,short,SPEAKER_0557_DRAMA_006320.wav,stern and threatening,Aggression,کہ بات اپنے ذہن سے مت نکلنے دینا,corpus/US-Std/short/drama/audio/SPEAKER_0557_DRAMA_006320.wav,/content/urduspeech_std_download/corpus/US-Std/short/drama/audio/SPEAKER_0557_DRAMA_006320.wav,stern and threatening,stern and threatening,[],['threat'],[],aggression_only_threat
DRAMA_007739,corpus/US-Std/short/drama,short,SPEAKER_0728_DRAMA_007739.wav,"Determined, resolute, with an undercurrent of threat.",Aggression,اتنی آسانی سے اس کا پیچھا تو نہیں چھوڑوں گی,corpus/US-Std/short/drama/audio/SPEAKER_0728_DRAMA_007739.wav,/content/urduspeech_std_download/corpus/US-Std/short/drama/audio/SPEAKER_0728_DRAMA_007739.wav,"Determined, resolute, with an undercurrent of threat.","determined, resolute, with an undercurrent of threat.",[],['threat'],[],aggression_only_threat
DRAMA_008079,corpus/US-Std/short/drama,short,SPEAKER_0779_DRAMA_008079.wav,menacing and threatening,Aggression,اور ہاں ایک بات کان کھول کر سن لو۔ ان پیسوں کی نا کسی کو کانوں کان خبر نہیں ہونی چاہیے۔ ورنہ تمہاری نا میں جان نکال دوں گی۔,corpus/US-Std/short/drama/audio/SPEAKER_0779_DRAMA_008079.wav,/content/urduspeech_std_download/corpus/US-Std/short/drama/audio/SPEAKER_0779_DRAMA_008079.wav,menacing and threatening,menacing and threatening,[],['threat'],[],aggression_only_threat
DRAMA_008928,corpus/US-Std/short/drama,short,SPEAKER_0883_DRAMA_008928.wav,"serious, assertive, slightly threatening",Aggression,اس لئے بہتر ہوگا کہ اپنے رویوں کو بدلو ورنہ پچھتاؤ گی تم,corpus/US-Std/short/drama/audio/SPEAKER_0883_DRAMA_008928.wav,/content/urduspeech_std_download/corpus/US-Std/short/drama/audio/SPEAKER_0883_DRAMA_008928.wav,"serious, assertive, slightly threatening","serious, assertive, slightly threatening",[],['threat'],[],aggression_only_threat
DRAMA_009021,corpus/US-Std/short/drama,short,SPEAKER_0891_DRAMA_009021.wav,intense and threatening,Aggression,تم جتنا بھی اس آگ کو بجھانے کی کوشش کرو گے نا یہ اتنی ہی,corpus/US-Std/short/drama/audio/SPEAKER_0891_DRAMA_009021.wav,/content/urduspeech_std_download/corpus/US-Std/short/drama/audio/SPEAKER_0891_DRAMA_009021.wav,intense and threatening,intense and threatening,[],['threat'],[],aggression_only_threat
DRAMA_010126,corpus/US-Std/short/drama,short,SPEAKER_1017_DRAMA_010126.wav,"Controlled and assertive, with an undercurrent of subtle threat",Aggression,میں نے کبھی آپ کا، آپ کی بیوی کو بتایا ہے؟ نہیں نا,corpus/US-Std/short/drama/audio/SPEAKER_1017_DRAMA_010126.wav,/content/urduspeech_std_download/corpus/US-Std/short/drama/audio/SPEAKER_1017_DRAMA_010126.wav,"Controlled and assertive, with an undercurrent of subtle threat","controlled and assertive, with an undercurrent of subtle threat",[],['threat'],[],aggression_only_threat
DRAMA_010575,corpus/US-Std/short/drama,short,SPEAKER_1052_DRAMA_010575.wav,playful determination mixed with a hint of mischievous threat,Aggression,کہ وہ اب میں پڑ جاؤں گی ان کے پیچھے,corpus/US-Std/short/drama/audio/SPEAKER_1052_DRAMA_010575.wav,/content/urduspeech_std_download/corpus/US-Std/short/drama/audio/SPEAKER_1052_DRAMA_010575.wav,playful determination mixed with a hint of mischievous threat,playful determination mixed with a hint of mischievous threat,[],['threat'],[],aggression_only_threat
DRAMA_011763,corpus/US-Std/short/drama,short,SPEAKER_1241_DRAMA_011763.wav,"annoyed, shifting to threatening",Aggression,لگتا ہے امیر باپ کے گھر کا جادو اچھا چڑھ گیا ہے۔ چپ کرو مہرو اب تم نے کچھ کہا نا تو اچھا نہیں ہوگا۔,corpus/US-Std/short/drama/audio/SPEAKER_1241_DRAMA_011763.wav,/content/urduspeech_std_download/corpus/US-Std/short/drama/audio/SPEAKER_1241_DRAMA_011763.wav,"annoyed, shifting to threatening","annoyed, shifting to threatening",[],['threat'],[],aggression_only_threat
DRAMA_012223,corpus/US-Std/short/drama,short,SPEAKER_1275_DRAMA_012223.wav,"Solemn, threatening",Aggression,ورنہ تم شیر کا شکار ہو جاؤ گے,corpus/US-Std/short/drama/audio/SPEAKER_1275_DRAMA_012223.wav,/content/urduspeech_std_download/corpus/US-Std/short/drama/audio/SPEAKER_1275_DRAMA_012223.wav,"Solemn, threatening","solemn, threatening",[],['threat'],[],aggression_only_threat
DRAMA_013019,corpus/US-Std/short/drama,short,SPEAKER_1360_DRAMA_013019.wav,"Menacing and serious, conveying a cold threat.",Aggression,اپنے کیے پر اپنی جان سے جاؤ گے,corpus/US-Std/short/drama/audio/SPEAKER_1360_DRAMA_013019.wav,/content/urduspeech_std_download/corpus/US-Std/short/drama/audio/SPEAKER_1360_DRAMA_013019.wav,"Menacing and serious, conveying a cold threat.","menacing and serious, conveying a cold threat.",[],['threat'],[],aggression_only_threat
DRAMA_013315,corpus/US-Std/short/drama,short,SPEAKER_1389_DRAMA_013315.wav,threatening and determined,Aggression,بھلے پھر دوبارہ پکڑا جاؤں میں، لیکن تجھے سبق ضرور سکھاؤں گا۔,corpus/US-Std/short/drama/audio/SPEAKER_1389_DRAMA_013315.wav,/content/urduspeech_std_download/corpus/US-Std/short/drama/audio/SPEAKER_1389_DRAMA_013315.wav,threatening and determined,threatening and determined,[],['threat'],[],aggression_only_threat
DRAMA_013773,corpus/US-Std/short/drama,short,SPEAKER_1450_DRAMA_013773.wav,Menacing and threatening,Aggression,صحیح ہے بیٹا چڑھا گھوڑی پہ اس کے بعد تجھے ایسا گدھا بناؤں گا نا ساری زندگی یاد رکھے گا,corpus/US-Std/short/drama/audio/SPEAKER_1450_DRAMA_013773.wav,/content/urduspeech_std_download/corpus/US-Std/short/drama/audio/SPEAKER_1450_DRAMA_013773.wav,Menacing and threatening,menacing and threatening,[],['threat'],[],aggression_only_threat
DRAMA_014545,corpus/US-Std/short/drama,short,SPEAKER_1520_DRAMA_014545.wav,threatening and insistent,Aggression,ملک کچھ بھی کرو وہ لڑکے میرا نام نہ لے بس,corpus/US-Std/short/drama/audio/SPEAKER_1520_DRAMA_014545.wav,/content/urduspeech_std_download/corpus/US-Std/short/drama/audio/SPEAKER_1520_DRAMA_014545.wav,threatening and insistent,threatening and insistent,[],['threat'],[],aggression_only_threat
DRAMA_014686,corpus/US-Std/short/drama,short,SPEAKER_1539_DRAMA_014686.wav,Ominous and threatening,Aggression,یروشلم میں دوبارہ مستقبل,corpus/US-Std/short/drama/audio/SPEAKER_1539_DRAMA_014686.wav,/content/urduspeech_std_download/corpus/US-Std/short/drama/audio/SPEAKER_1539_DRAMA_014686.wav,Ominous and threatening,ominous and threatening,[],['threat'],[],aggression_only_threat
DRAMA_006583,corpus/US-Std/short/drama,short,SPEAKER_0585_DRAMA_006583.wav,"Initially threatening and self-assured, shifting to casually dismissive",Aggression,البتہ آج اسے پتہ چل جائے گا کہ طاقت کسے کہتے ہیں۔ چلو ناشتہ کرتے ہیں، آ جاؤ۔,corpus/US-Std/short/drama/audio/SPEAKER_0585_DRAMA_006583.wav,/content/urduspeech_std_download/corpus/US-Std/short/drama/audio/SPEAKER_0585_DRAMA_006583.wav,"Initially threatening and self-assured, shifting to casually dismissive","initially threatening and self-assured, shifting to casually dismissive",[],['threat'],[],aggression_only_threat
DRAMA_007358,corpus/US-Std/short/drama,short,SPEAKER_0690_DRAMA_007358.wav,Threatening and determined,Aggression,اگر آج تم وہیں آئیں نا تو میں سب کے سامنے انکار کر دوں گا۔,corpus/US-Std/short/drama/audio/SPEAKER_0690_DRAMA_007358.wav,/content/urduspeech_std_download/corpus/US-Std/short/drama/audio/SPEAKER_0690_DRAMA_007358.wav,Threatening and determined,threatening and determined,[],['threat'],[],aggression_only_threat
DRAMA_010059,corpus/US-Std/short/drama,short,SPEAKER_1017_DRAMA_010059.wav,Threatening and intense,Aggression,ایک بار مجھے باہر آنے دیں,corpus/US-Std/short/drama/audio/SPEAKER_1017_DRAMA_010059.wav,/content/urduspeech_std_download/corpus/US-Std/short/drama/audio/SPEAKER_1017_DRAMA_010059.wav,Threatening and intense,threatening and intense,[],['threat'],[],aggression_only_threat
DRAMA_010130,corpus/US-Std/short/drama,short,SPEAKER_1017_DRAMA_010130.wav,threatening and menacing,Aggression,ہمارے ساتھ وہ کرے گی، وہ کرے گی جو تم سوچ بھی نہیں سکتے۔,corpus/US-Std/short/drama/audio/SPEAKER_1017_DRAMA_010130.wav,/content/urduspeech_std_download/corpus/US-Std/short/drama/audio/SPEAKER_1017_DRAMA_010130.wav,threatening and menacing,threatening and menacing,[],['threat'],[],aggression_only_threat
DRAMA_011314,corpus/US-Std/short/drama,short,SPEAKER_1179_DRAMA_011314.wav,"confident, slightly threatening",Aggression,راشدہ بہن تم شاید مجھے جانتی نہیں ہو۔ ملک بلال نام ہے میرا، کچی گولیاں نہیں کھیلتا۔,corpus/US-Std/short/drama/audio/SPEAKER_1179_DRAMA_011314.wav,/content/urduspeech_std_download/corpus/US-Std/short/drama/audio/SPEAKER_1179_DRAMA_011314.wav,"confident, slightly threatening","confident, slightly threatening",[],['threat'],[],aggression_only_threat
DRAMA_012558,corpus/US-Std/short/drama,short,SPEAKER_1321_DRAMA_012558.wav,Menacing and threatening,Aggression,آئے,corpus/US-Std/short/drama/audio/SPEAKER_1321_DRAMA_012558.wav,/content/urduspeech_std_download/corpus/US-Std/short/drama/audio/SPEAKER_1321_DRAMA_012558.wav,Menacing and threatening,menacing and threatening,[],['threat'],[],aggression_only_threat
DRAMA_013203,corpus/US-Std/short/drama,short,SPEAKER_1378_DRAMA_013203.wav,authoritative and threatening,Aggression,تمہیں آخری موقع دے رہا ہوں,corpus/US-Std/short/drama/audio/SPEAKER_1378_DRAMA_013203.wav,/content/urduspeech_std_download/corpus/US-Std/short/drama/audio/SPEAKER_1378_DRAMA_013203.wav,authoritative and threatening,authoritative and threatening,[],['threat'],[],aggression_only_threat
DRAMA_013197,corpus/US-Std/short/drama,short,SPEAKER_1384_DRAMA_013197.wav,Stern and threatening,Aggression,اگر تم نہ رکے تو میں حملے کا حکم دوں گا۔,corpus/US-Std/short/drama/audio/SPEAKER_1384_DRAMA_013197.wav,/content/urduspeech_std_download/corpus/US-Std/short/drama/audio/SPEAKER_1384_DRAMA_013197.wav,Stern and threatening,stern and threatening,[],['threat'],[],aggression_only_threat
DRAMA_013318,corpus/US-Std/short/drama,short,SPEAKER_1389_DRAMA_013318.wav,threatening,Aggression,ایک بار مجھے باہر आने दे,corpus/US-Std/short/drama/audio/SPEAKER_1389_DRAMA_013318.wav,/content/urduspeech_std_download/corpus/US-Std/short/drama/audio/SPEAKER_1389_DRAMA_013318.wav,threatening,threatening,[],['threat'],[],aggression_only_threat
DRAMA_013769,corpus/US-Std/short/drama,short,SPEAKER_1449_DRAMA_013769.wav,Intense and threatening,Aggression,ملک کچھ بھی کرو وہ لڑکے میرا نام نہ لے بس,corpus/US-Std/short/drama/audio/SPEAKER_1449_DRAMA_013769.wav,/content/urduspeech_std_download/corpus/US-Std/short/drama/audio/SPEAKER_1449_DRAMA_013769.wav,Intense and threatening,intense and threatening,[],['threat'],[],aggression_only_threat
FILM_000153,corpus/US-Std/short/film,short,SPEAKER_0022_FILM_000153.wav,threatening and contemptuous,Aggression,تجھے تیری اوقات پتہ چل جائے گی,corpus/US-Std/short/film/audio/SPEAKER_0022_FILM_000153.wav,/content/urduspeech_std_download/corpus/US-Std/short/film/audio/SPEAKER_0022_FILM_000153.wav,threatening and contemptuous,threatening and contemptuous,[],['threat'],[],aggression_only_threat
FILM_000330,corpus/US-Std/short/film,short,SPEAKER_0030_FILM_000330.wav,threatening and determined,Aggression,میں تمہیں ڈھونڈ نکالوں گا تمہیں اور دیکھو,corpus/US-Std/short/film/audio/SPEAKER_0030_FILM_000330.wav,/content/urduspeech_std_download/corpus/US-Std/short/film/audio/SPEAKER_0030_FILM_000330.wav,threatening and determined,threatening and determined,[],['threat'],[],aggression_only_threat
FILM_000284,corpus/US-Std/short/film,short,SPEAKER_0035_FILM_000284.wav,Menacing and threatening,Aggression,چوروں چوروں چوروں,corpus/US-Std/short/film/audio/SPEAKER_0035_FILM_000284.wav,/content/urduspeech_std_download/corpus/US-Std/short/film/audio/SPEAKER_0035_FILM_000284.wav,Menacing and threatening,menacing and threatening,[],['threat'],[],aggression_only_threat
FILM_000398,corpus/US-Std/short/film,short,SPEAKER_0038_FILM_000398.wav,ominous and threatening,Aggression,سالے تو بھی پر سمندر میں مچھلیوں کی کمی نہیں تین دن ان تین دنوں میں تو جیت بھی سکتا ہے ٹیپو,corpus/US-Std/short/film/audio/SPEAKER_0038_FILM_000398.wav,/content/urduspeech_std_download/corpus/US-Std/short/film/audio/SPEAKER_0038_FILM_000398.wav,ominous and threatening,ominous and threatening,[],['threat'],[],aggression_only_threat
FILM_000391,corpus/US-Std/short/film,short,SPEAKER_0039_FILM_000391.wav,threatening and commanding,Aggression,چپ کر جا. یہ تو گئے دس سال کے لیے اندر. تجھے بھی اندر کر دیں گے. چلو میڈم,corpus/US-Std/short/film/audio/SPEAKER_0039_FILM_000391.wav,/content/urduspeech_std_download/corpus/US-Std/short/film/audio/SPEAKER_0039_FILM_000391.wav,threatening and commanding,threatening and commanding,[],['threat'],[],aggression_only_threat
FILM_001869,corpus/US-Std/short/film,short,SPEAKER_0173_FILM_001869.wav,menacing and threatening,Aggression,میرا بی بی آج تمہاری خیر نہیں,corpus/US-Std/short/film/audio/SPEAKER_0173_FILM_001869.wav,/content/urduspeech_std_download/corpus/US-Std/short/film/audio/SPEAKER_0173_FILM_001869.wav,menacing and threatening,menacing and threatening,[],['threat'],[],aggression_only_threat
FILM_002351,corpus/US-Std/short/film,short,SPEAKER_0191_FILM_002351.wav,Authoritative and threatening,Aggression,پختون والی کے اصولوں کے خلاف ورزی کی ہے اس لڑکے نے,corpus/US-Std/short/film/audio/SPEAKER_0191_FILM_002351.wav,/content/urduspeech_std_download/corpus/US-Std/short/film/audio/SPEAKER_0191_FILM_002351.wav,Authoritative and threatening,authoritative and threatening,[],['threat'],[],aggression_only_threat
FILM_002376,corpus/US-Std/short/film,short,SPEAKER_0191_FILM_002376.wav,Menacing and threatening,Aggression,مروائے گا تجھے,corpus/US-Std/short/film/audio/SPEAKER_0191_FILM_002376.wav,/content/urduspeech_std_download/corpus/US-Std/short/film/audio/SPEAKER_0191_FILM_002376.wav,Menacing and threatening,menacing and threatening,[],['threat'],[],aggression_only_threat
FILM_003179,corpus/US-Std/short/film,short,SPEAKER_0235_FILM_003179.wav,Serious with an undercurrent of threat,Aggression,اے عزیزو سو روپے کا سوال ہے لا دے یار,corpus/US-Std/short/film/audio/SPEAKER_0235_FILM_003179.wav,/content/urduspeech_std_download/corpus/US-Std/short/film/audio/SPEAKER_0235_FILM_003179.wav,Serious with an undercurrent of threat,serious with an undercurrent of threat,[],['threat'],[],aggression_only_threat
FILM_003705,corpus/US-Std/short/film,short,SPEAKER_0288_FILM_003705.wav,"threatening, assertive",Aggression,او دیوانے توں تے مینوں جاندا ایں,corpus/US-Std/short/film/audio/SPEAKER_0288_FILM_003705.wav,/content/urduspeech_std_download/corpus/US-Std/short/film/audio/SPEAKER_0288_FILM_003705.wav,"threatening, assertive","threatening, assertive",[],['threat'],[],aggression_only_threat
FILM_004274,corpus/US-Std/short/film,short,SPEAKER_0331_FILM_004274.wav,Threatening and stern,Aggression,ورنہ دیکھتے رہ جاؤ گے,corpus/US-Std/short/film/audio/SPEAKER_0331_FILM_004274.wav,/content/urduspeech_std_download/corpus/US-Std/short/film/audio/SPEAKER_0331_FILM_004274.wav,Threatening and stern,threatening and stern,[],['threat'],[],aggression_only_threat
FILM_004562,corpus/US-Std/short/film,short,SPEAKER_0354_FILM_004562.wav,assertive with an undercurrent of threat,Aggression,پر اس کیس میں آپ بھی پارٹی بن جاؤ گے تو تو میں آپ سے بھی لڑوں گا,corpus/US-Std/short/film/audio/SPEAKER_0354_FILM_004562.wav,/content/urduspeech_std_download/corpus/US-Std/short/film/audio/SPEAKER_0354_FILM_004562.wav,assertive with an undercurrent of threat,assertive with an undercurrent of threat,[],['threat'],[],aggression_only_threat
FILM_004602,corpus/US-Std/short/film,short,SPEAKER_0354_FILM_004602.wav,subtly threatening and stern,Aggression,تم گھر آؤ تم گھر چل,corpus/US-Std/short/film/audio/SPEAKER_0354_FILM_004602.wav,/content/urduspeech_std_download/corpus/US-Std/short/film/audio/SPEAKER_0354_FILM_004602.wav,subtly threatening and stern,subtly threatening and stern,[],['threat'],[],aggression_only_threat
FILM_004560,corpus/US-Std/short/film,short,SPEAKER_0357_FILM_004560.wav,serious and subtly threatening,Aggression,اور یہ دونوں بھی یہی چاہتے ہیں کہ یہ معاملہ یہیں بیٹھ کر طے ہو جائے۔ ورنہ کورٹ میں وکیلوں کی جرح میں بہت خاک اڑے گی اور آپ کے سر پہ پڑے گی۔,corpus/US-Std/short/film/audio/SPEAKER_0357_FILM_004560.wav,/content/urduspeech_std_download/corpus/US-Std/short/film/audio/SPEAKER_0357_FILM_004560.wav,serious and subtly threatening,serious and subtly threatening,[],['threat'],[],aggression_only_threat
FILM_004592,corpus/US-Std/short/film,short,SPEAKER_0358_FILM_004592.wav,Stern and threatening,Aggression,آج تمہیں آخری موقع دیتی ہوں,corpus/US-Std/short/film/audio/SPEAKER_0358_FILM_004592.wav,/content/urduspeech_std_download/corpus/US-Std/short/film/audio/SPEAKER_0358_FILM_004592.wav,Stern and threatening,stern and threatening,[],['threat'],[],aggression_only_threat
FILM_004932,corpus/US-Std/short/film,short,SPEAKER_0400_FILM_004932.wav,"Menacing and confident, expressing a cold threat.",Aggression,اور جب میں جاؤں گا جس وقت جاؤں گا ایک دم چھین لوں گا۔,corpus/US-Std/short/film/audio/SPEAKER_0400_FILM_004932.wav,/content/urduspeech_std_download/corpus/US-Std/short/film/audio/SPEAKER_0400_FILM_004932.wav,"Menacing and confident, expressing a cold threat.","menacing and confident, expressing a cold threat.",[],['threat'],[],aggression_only_threat
FILM_005338,corpus/US-Std/short/film,short,SPEAKER_0455_FILM_005338.wav,hostile and threatening,Aggression,او بھکارن کی اولاد، فکر نہ کر تو۔ تیری ماں کے بھیک مانگنے سے پہلے نا، تجھے اپنے ہاتھ سے گولی ماروں گا میں۔,corpus/US-Std/short/film/audio/SPEAKER_0455_FILM_005338.wav,/content/urduspeech_std_download/corpus/US-Std/short/film/audio/SPEAKER_0455_FILM_005338.wav,hostile and threatening,hostile and threatening,[],['threat'],[],aggression_only_threat
FILM_005696,corpus/US-Std/short/film,short,SPEAKER_0492_FILM_005696.wav,Threatening and menacing,Aggression,اب تو اپنے پاؤں پر بھی کھڑا نہیں ہو پائے گا,corpus/US-Std/short/film/audio/SPEAKER_0492_FILM_005696.wav,/content/urduspeech_std_download/corpus/US-Std/short/film/audio/SPEAKER_0492_FILM_005696.wav,Threatening and menacing,threatening and menacing,[],['threat'],[],aggression_only_threat
FILM_005749,corpus/US-Std/short/film,short,SPEAKER_0497_FILM_005749.wav,"initially threatening and stern, shifting to assertive and challenging",Aggression,نہیں تو پھر میں، چلو,corpus/US-Std/short/film/audio/SPEAKER_0497_FILM_005749.wav,/content/urduspeech_std_download/corpus/US-Std/short/film/audio/SPEAKER_0497_FILM_005749.wav,"initially threatening and stern, shifting to assertive and challenging","initially threatening and stern, shifting to assertive and challenging",[],['threat'],[],aggression_only_threat
FILM_006028,corpus/US-Std/short/film,short,SPEAKER_0540_FILM_006028.wav,Menacing and threatening,Aggression,اپنے پوتے کو ڈھونڈ رہا ہے نا؟ کوں بول رہا ہے؟ کوں بول رہا ہے؟ اگر پوتے کو زندہ دیکھنا چاہتے ہو نا,corpus/US-Std/short/film/audio/SPEAKER_0540_FILM_006028.wav,/content/urduspeech_std_download/corpus/US-Std/short/film/audio/SPEAKER_0540_FILM_006028.wav,Menacing and threatening,menacing and threatening,[],['threat'],[],aggression_only_threat
POETRY_001144,corpus/US-Std/short/poetry,short,SPEAKER_0064_POETRY_001144.wav,"Grave and intense, conveying a sense of solemn finality or threat.",Aggression,اداکار گرے,corpus/US-Std/short/poetry/audio/SPEAKER_0064_POETRY_001144.wav,/content/urduspeech_std_download/corpus/US-Std/short/poetry/audio/SPEAKER_0064_POETRY_001144.wav,"Grave and intense, conveying a sense of solemn finality or threat.","grave and intense, conveying a sense of solemn finality or threat.",[],['threat'],[],aggression_only_threat
POETRY_002148,corpus/US-Std/short/poetry,short,SPEAKER_0095_POETRY_002148.wav,"Initially romantic and inviting, shifting to subtly threatening",Aggression,اپنے ہونٹوں کی خوشبو لٹانے چلو گیت گانے چلو ورنہ تھانے چلو,corpus/US-Std/short/poetry/audio/SPEAKER_0095_POETRY_002148.wav,/content/urduspeech_std_download/corpus/US-Std/short/poetry/audio/SPEAKER_0095_POETRY_002148.wav,"Initially romantic and inviting, shifting to subtly threatening","initially romantic and inviting, shifting to subtly threatening",[],['threat'],[],aggression_only_threat
VLOGS_001143,corpus/US-Std/short/vlogs,short,SPEAKER_0053_VLOGS_001143.wav,Agitated and threatening,Aggression,اے بھائی میں تو,corpus/US-Std/short/vlogs/audio/SPEAKER_0053_VLOGS_001143.wav,/content/urduspeech_std_download/corpus/US-Std/short/vlogs/audio/SPEAKER_0053_VLOGS_001143.wav,Agitated and threatening,agitated and threatening,[],['threat'],[],aggression_only_threat
