filepath,source_dataset,reason
AudioSet_Screaming/wav/0kQANiakiH0_30.00_40.00.wav,audioset_scream,low_snr
AudioSet_Screaming/wav/3edzSTr2iXs_30.00_40.00.wav,audioset_scream,low_snr
AudioSet_Screaming/wav/4xTGouBKGN4_30.00_40.00.wav,audioset_scream,low_snr
AudioSet_Screaming/wav/7Gtx7ooeows_20.00_30.00.wav,audioset_scream,low_snr
AudioSet_Screaming/wav/8lb3hSetDyk_30.00_40.00.wav,audioset_scream,low_snr
AudioSet_Screaming/wav/9AjwZM05WyI_30.00_40.00.wav,audioset_scream,low_snr
AudioSet_Screaming/wav/9bM_mkoP3lw_270.00_280.00.wav,audioset_scream,low_snr
AudioSet_Screaming/wav/DUxBLH7iA20_70.00_80.00.wav,audioset_scream,low_snr
AudioSet_Screaming/wav/KF3DQrES6Mc_30.00_40.00.wav,audioset_scream,low_snr
AudioSet_Screaming/wav/km5YVF5x_CU_10.00_20.00.wav,audioset_scream,low_snr
AudioSet_Screaming/wav/ljkaMRDU5ng_0.00_6.00.wav,audioset_scream,low_snr
AudioSet_Screaming/wav/rWK399XnjH0_0.00_10.00.wav,audioset_scream,low_snr
AudioSet_Screaming/wav/u5b9RZ7IPRU_30.00_40.00.wav,audioset_scream,low_snr
AudioSet_Screaming/wav/v9wvbr4y_y4_0.00_10.00.wav,audioset_scream,low_snr
CREMA-D/AudioMP3/1037_DFA_ANG_XX.mp3,cremad,low_snr
CREMA-D/AudioMP3/1037_WSI_FEA_XX.mp3,cremad,low_snr
CREMA-D/AudioMP3/1061_TIE_ANG_XX.mp3,cremad,low_snr
CREMA-D/AudioMP3/1067_IEO_FEA_LO.mp3,cremad,low_snr
CREMA-D/AudioMP3/1071_WSI_ANG_XX.mp3,cremad,low_snr
CREMA-D/AudioMP3/1072_WSI_ANG_XX.mp3,cremad,low_snr
CREMA-D/AudioMP3/1079_IWL_ANG_XX.mp3,cremad,low_snr
CREMA-D/AudioMP3/1091_IWW_FEA_XX.mp3,cremad,low_snr
ESC-50/audio/1-101336-A-30.wav,esc50,clipped
ESC-50/audio/1-105224-A-22.wav,esc50,clipped
ESC-50/audio/1-110537-A-22.wav,esc50,clipped
ESC-50/audio/1-16568-A-3.wav,esc50,clipped
ESC-50/audio/1-172649-A-40.wav,esc50,low_snr
ESC-50/audio/1-17295-A-29.wav,esc50,clipped
ESC-50/audio/1-17970-A-4.wav,esc50,clipped
ESC-50/audio/1-18074-B-6.wav,esc50,clipped
ESC-50/audio/1-19840-A-36.wav,esc50,low_snr
ESC-50/audio/1-19872-B-36.wav,esc50,low_snr
ESC-50/audio/1-20736-A-18.wav,esc50,clipped
ESC-50/audio/1-208757-A-2.wav,esc50,clipped
ESC-50/audio/1-208757-B-2.wav,esc50,clipped
ESC-50/audio/1-208757-C-2.wav,esc50,clipped
ESC-50/audio/1-208757-D-2.wav,esc50,clipped
ESC-50/audio/1-23996-B-35.wav,esc50,low_snr
ESC-50/audio/1-24524-B-19.wav,esc50,clipped
ESC-50/audio/1-24796-A-47.wav,esc50,clipped
ESC-50/audio/1-254507-A-43.wav,esc50,clipped
ESC-50/audio/1-260640-A-2.wav,esc50,clipped
ESC-50/audio/1-260640-B-2.wav,esc50,clipped
ESC-50/audio/1-260640-C-2.wav,esc50,clipped
ESC-50/audio/1-26222-A-10.wav,esc50,low_snr
ESC-50/audio/1-27165-A-35.wav,esc50,low_snr
ESC-50/audio/1-31482-A-42.wav,esc50,clipped
ESC-50/audio/1-32373-A-35.wav,esc50,low_snr
ESC-50/audio/1-32373-B-35.wav,esc50,low_snr
ESC-50/audio/1-39835-A-9.wav,esc50,clipped
ESC-50/audio/1-43807-D-47.wav,esc50,clipped
ESC-50/audio/1-46744-A-36.wav,esc50,clipped
ESC-50/audio/1-47709-A-16.wav,esc50,clipped
ESC-50/audio/1-47714-A-16.wav,esc50,clipped
ESC-50/audio/1-50060-A-10.wav,esc50,low_snr
ESC-50/audio/1-50455-A-44.wav,esc50,low_snr
ESC-50/audio/1-50661-A-44.wav,esc50,clipped
ESC-50/audio/1-51035-A-16.wav,esc50,low_snr
ESC-50/audio/1-51036-A-16.wav,esc50,low_snr
ESC-50/audio/1-54958-A-10.wav,esc50,low_snr
ESC-50/audio/1-58277-A-3.wav,esc50,clipped
ESC-50/audio/1-58792-A-24.wav,esc50,clipped
ESC-50/audio/1-58846-A-34.wav,esc50,clipped
ESC-50/audio/1-5996-A-6.wav,esc50,clipped
ESC-50/audio/1-60460-A-36.wav,esc50,low_snr
ESC-50/audio/1-64398-B-41.wav,esc50,low_snr
ESC-50/audio/1-64473-A-45.wav,esc50,clipped
ESC-50/audio/1-68670-A-34.wav,esc50,clipped
ESC-50/audio/1-68734-A-34.wav,esc50,clipped
ESC-50/audio/1-69760-A-16.wav,esc50,clipped
ESC-50/audio/1-72195-A-37.wav,esc50,clipped
ESC-50/audio/1-72195-B-37.wav,esc50,clipped
ESC-50/audio/1-72229-B-6.wav,esc50,clipped
ESC-50/audio/1-77160-A-3.wav,esc50,clipped
ESC-50/audio/1-77241-A-3.wav,esc50,clipped
ESC-50/audio/1-79220-A-17.wav,esc50,clipped
ESC-50/audio/1-79236-A-36.wav,esc50,low_snr
ESC-50/audio/1-81001-A-30.wav,esc50,clipped
ESC-50/audio/1-81001-B-30.wav,esc50,clipped
ESC-50/audio/1-84705-A-39.wav,esc50,clipped
ESC-50/audio/1-85168-A-39.wav,esc50,clipped
ESC-50/audio/2-100648-A-43.wav,esc50,clipped
ESC-50/audio/2-102435-A-37.wav,esc50,clipped
ESC-50/audio/2-103423-A-3.wav,esc50,clipped
ESC-50/audio/2-103424-A-3.wav,esc50,clipped
ESC-50/audio/2-103426-A-3.wav,esc50,clipped
ESC-50/audio/2-103427-A-3.wav,esc50,clipped
ESC-50/audio/2-103428-A-3.wav,esc50,clipped
ESC-50/audio/2-106014-A-44.wav,esc50,low_snr
ESC-50/audio/2-106015-B-44.wav,esc50,low_snr
ESC-50/audio/2-106072-A-36.wav,esc50,clipped
ESC-50/audio/2-106073-A-36.wav,esc50,low_snr
ESC-50/audio/2-107351-B-20.wav,esc50,clipped
ESC-50/audio/2-108017-A-24.wav,esc50,clipped
ESC-50/audio/2-110011-A-5.wav,esc50,clipped
ESC-50/audio/2-117615-D-48.wav,esc50,clipped
ESC-50/audio/2-117616-A-48.wav,esc50,clipped
ESC-50/audio/2-117617-A-48.wav,esc50,clipped
ESC-50/audio/2-118625-A-30.wav,esc50,clipped
ESC-50/audio/2-122066-A-45.wav,esc50,clipped
ESC-50/audio/2-122820-B-36.wav,esc50,low_snr
ESC-50/audio/2-125875-A-13.wav,esc50,low_snr
ESC-50/audio/2-130245-A-34.wav,esc50,clipped
ESC-50/audio/2-141682-B-36.wav,esc50,low_snr
ESC-50/audio/2-158746-A-2.wav,esc50,clipped
ESC-50/audio/2-158746-B-2.wav,esc50,clipped
ESC-50/audio/2-158746-C-2.wav,esc50,clipped
ESC-50/audio/2-158746-D-2.wav,esc50,clipped
ESC-50/audio/2-160888-A-47.wav,esc50,clipped
ESC-50/audio/2-166644-A-2.wav,esc50,clipped
ESC-50/audio/2-188822-D-40.wav,esc50,low_snr
ESC-50/audio/2-25292-A-22.wav,esc50,clipped
ESC-50/audio/2-32515-A-4.wav,esc50,clipped
ESC-50/audio/2-32515-B-4.wav,esc50,clipped
ESC-50/audio/2-32515-C-4.wav,esc50,clipped
ESC-50/audio/2-32515-D-4.wav,esc50,clipped
ESC-50/audio/2-32834-A-4.wav,esc50,clipped
ESC-50/audio/2-57191-A-46.wav,esc50,clipped
ESC-50/audio/2-60794-A-26.wav,esc50,clipped
ESC-50/audio/2-67422-A-18.wav,esc50,clipped
ESC-50/audio/2-70052-A-42.wav,esc50,clipped
ESC-50/audio/2-75726-A-6.wav,esc50,clipped
ESC-50/audio/2-76408-B-22.wav,esc50,clipped
ESC-50/audio/2-78381-A-46.wav,esc50,clipped
ESC-50/audio/2-78562-A-37.wav,esc50,clipped
ESC-50/audio/2-78562-B-37.wav,esc50,clipped
ESC-50/audio/2-82077-A-7.wav,esc50,clipped
ESC-50/audio/2-83270-A-13.wav,esc50,low_snr
ESC-50/audio/2-83667-A-34.wav,esc50,clipped
ESC-50/audio/2-87412-A-24.wav,esc50,clipped
ESC-50/audio/2-87794-A-24.wav,esc50,clipped
ESC-50/audio/2-87795-A-24.wav,esc50,clipped
ESC-50/audio/2-87799-A-24.wav,esc50,clipped
ESC-50/audio/2-92978-A-29.wav,esc50,clipped
ESC-50/audio/3-112356-A-18.wav,esc50,clipped
ESC-50/audio/3-115382-A-44.wav,esc50,clipped
ESC-50/audio/3-115387-B-47.wav,esc50,clipped
ESC-50/audio/3-117504-A-16.wav,esc50,low_snr
ESC-50/audio/3-117504-B-16.wav,esc50,low_snr
ESC-50/audio/3-119455-A-44.wav,esc50,low_snr
ESC-50/audio/3-124376-B-3.wav,esc50,clipped
ESC-50/audio/3-129678-A-13.wav,esc50,low_snr
ESC-50/audio/3-130330-A-22.wav,esc50,clipped
ESC-50/audio/3-131943-A-37.wav,esc50,clipped
ESC-50/audio/3-132340-A-37.wav,esc50,low_snr
ESC-50/audio/3-132747-A-26.wav,esc50,clipped
ESC-50/audio/3-134699-B-16.wav,esc50,clipped
ESC-50/audio/3-134699-C-16.wav,esc50,clipped
ESC-50/audio/3-144510-A-30.wav,esc50,clipped
ESC-50/audio/3-144891-B-19.wav,esc50,clipped
ESC-50/audio/3-145387-A-29.wav,esc50,clipped
ESC-50/audio/3-146186-A-44.wav,esc50,low_snr
ESC-50/audio/3-151269-A-35.wav,esc50,low_snr
ESC-50/audio/3-151273-A-35.wav,esc50,low_snr
ESC-50/audio/3-152020-A-36.wav,esc50,clipped
ESC-50/audio/3-152020-B-36.wav,esc50,clipped
ESC-50/audio/3-152039-A-3.wav,esc50,clipped
ESC-50/audio/3-152039-B-3.wav,esc50,clipped
ESC-50/audio/3-152912-A-26.wav,esc50,clipped
ESC-50/audio/3-152997-A-26.wav,esc50,clipped
ESC-50/audio/3-154758-A-44.wav,esc50,low_snr
ESC-50/audio/3-155659-A-34.wav,esc50,clipped
ESC-50/audio/3-157149-A-10.wav,esc50,low_snr
ESC-50/audio/3-157615-A-10.wav,esc50,low_snr
ESC-50/audio/3-159346-A-36.wav,esc50,low_snr
ESC-50/audio/3-159445-A-45.wav,esc50,clipped
ESC-50/audio/3-159445-B-45.wav,esc50,clipped
ESC-50/audio/3-164216-B-6.wav,esc50,clipped
ESC-50/audio/3-171937-A-34.wav,esc50,clipped
ESC-50/audio/3-187549-A-6.wav,esc50,clipped
ESC-50/audio/3-187549-B-6.wav,esc50,clipped
ESC-50/audio/3-188726-A-35.wav,esc50,clipped
ESC-50/audio/3-197408-A-8.wav,esc50,clipped
ESC-50/audio/3-197408-B-8.wav,esc50,clipped
ESC-50/audio/3-246513-A-16.wav,esc50,clipped
ESC-50/audio/3-246513-B-16.wav,esc50,clipped
ESC-50/audio/3-253084-D-2.wav,esc50,clipped
ESC-50/audio/3-257858-A-2.wav,esc50,clipped
ESC-50/audio/3-51731-B-42.wav,esc50,clipped
ESC-50/audio/3-51909-B-42.wav,esc50,clipped
ESC-50/audio/3-93010-A-18.wav,esc50,clipped
ESC-50/audio/3-95695-B-5.wav,esc50,clipped
ESC-50/audio/3-98193-A-46.wav,esc50,clipped
ESC-50/audio/4-120160-A-5.wav,esc50,clipped
ESC-50/audio/4-130584-A-4.wav,esc50,clipped
ESC-50/audio/4-132803-A-26.wav,esc50,clipped
ESC-50/audio/4-132816-A-26.wav,esc50,clipped
ESC-50/audio/4-150364-A-46.wav,esc50,clipped
ESC-50/audio/4-150364-B-46.wav,esc50,clipped
ESC-50/audio/4-151242-A-37.wav,esc50,clipped
ESC-50/audio/4-154405-B-27.wav,esc50,clipped
ESC-50/audio/4-154443-A-24.wav,esc50,clipped
ESC-50/audio/4-156827-A-46.wav,esc50,clipped
ESC-50/audio/4-159609-B-14.wav,esc50,clipped
ESC-50/audio/4-161100-A-47.wav,esc50,clipped
ESC-50/audio/4-161103-A-47.wav,esc50,clipped
ESC-50/audio/4-164206-A-10.wav,esc50,low_snr
ESC-50/audio/4-165813-A-19.wav,esc50,clipped
ESC-50/audio/4-165813-B-19.wav,esc50,clipped
ESC-50/audio/4-165845-A-45.wav,esc50,clipped
ESC-50/audio/4-165845-B-45.wav,esc50,clipped
ESC-50/audio/4-165933-A-45.wav,esc50,clipped
ESC-50/audio/4-167642-A-21.wav,esc50,clipped
ESC-50/audio/4-168446-A-45.wav,esc50,clipped
ESC-50/audio/4-171652-A-44.wav,esc50,low_snr
ESC-50/audio/4-172732-A-36.wav,esc50,low_snr
ESC-50/audio/4-172733-A-36.wav,esc50,clipped
ESC-50/audio/4-172736-B-36.wav,esc50,low_snr
ESC-50/audio/4-174860-B-3.wav,esc50,clipped
ESC-50/audio/4-175025-A-34.wav,esc50,clipped
ESC-50/audio/4-176631-A-43.wav,esc50,clipped
ESC-50/audio/4-176638-A-43.wav,esc50,clipped
ESC-50/audio/4-181286-A-10.wav,esc50,low_snr
ESC-50/audio/4-181999-A-36.wav,esc50,low_snr
ESC-50/audio/4-186935-A-44.wav,esc50,low_snr
ESC-50/audio/4-186940-A-44.wav,esc50,low_snr
ESC-50/audio/4-186962-A-44.wav,esc50,clipped
ESC-50/audio/4-204777-A-39.wav,esc50,clipped
ESC-50/audio/4-204777-B-39.wav,esc50,clipped
ESC-50/audio/4-204777-C-39.wav,esc50,clipped
ESC-50/audio/4-205738-A-22.wav,esc50,clipped
ESC-50/audio/4-213915-C-3.wav,esc50,clipped
ESC-50/audio/4-218199-C-35.wav,esc50,low_snr
ESC-50/audio/4-218199-D-35.wav,esc50,low_snr
ESC-50/audio/4-218199-H-35.wav,esc50,low_snr
ESC-50/audio/4-264453-A-34.wav,esc50,clipped
ESC-50/audio/4-80761-A-42.wav,esc50,clipped
ESC-50/audio/5-103416-A-2.wav,esc50,clipped
ESC-50/audio/5-103420-A-2.wav,esc50,clipped
ESC-50/audio/5-103421-A-2.wav,esc50,clipped
ESC-50/audio/5-117250-A-2.wav,esc50,clipped
ESC-50/audio/5-133989-A-42.wav,esc50,low_snr
ESC-50/audio/5-156999-A-19.wav,esc50,clipped
ESC-50/audio/5-156999-B-19.wav,esc50,clipped
ESC-50/audio/5-156999-C-19.wav,esc50,clipped
ESC-50/audio/5-156999-D-19.wav,esc50,clipped
ESC-50/audio/5-156999-E-19.wav,esc50,clipped
ESC-50/audio/5-172299-A-5.wav,esc50,clipped
ESC-50/audio/5-177614-A-5.wav,esc50,clipped
ESC-50/audio/5-177957-D-40.wav,esc50,low_snr
ESC-50/audio/5-177957-E-40.wav,esc50,low_snr
ESC-50/audio/5-181766-A-10.wav,esc50,low_snr
ESC-50/audio/5-182007-A-36.wav,esc50,low_snr
ESC-50/audio/5-182010-A-36.wav,esc50,low_snr
ESC-50/audio/5-182404-A-18.wav,esc50,clipped
ESC-50/audio/5-185579-B-41.wav,esc50,low_snr
ESC-50/audio/5-186924-A-12.wav,esc50,clipped
ESC-50/audio/5-188365-A-36.wav,esc50,low_snr
ESC-50/audio/5-188796-A-45.wav,esc50,clipped
ESC-50/audio/5-189795-A-4.wav,esc50,clipped
ESC-50/audio/5-194899-A-3.wav,esc50,clipped
ESC-50/audio/5-195518-A-7.wav,esc50,clipped
ESC-50/audio/5-195557-A-19.wav,esc50,clipped
ESC-50/audio/5-198321-A-10.wav,esc50,low_snr
ESC-50/audio/5-198373-A-46.wav,esc50,clipped
ESC-50/audio/5-198600-A-45.wav,esc50,clipped
ESC-50/audio/5-202020-A-18.wav,esc50,clipped
ESC-50/audio/5-204352-A-13.wav,esc50,low_snr
ESC-50/audio/5-204604-A-24.wav,esc50,clipped
ESC-50/audio/5-207681-A-24.wav,esc50,clipped
ESC-50/audio/5-207811-A-35.wav,esc50,low_snr
ESC-50/audio/5-209992-B-44.wav,esc50,low_snr
ESC-50/audio/5-212054-A-36.wav,esc50,clipped
ESC-50/audio/5-212059-A-36.wav,esc50,low_snr
ESC-50/audio/5-221878-A-34.wav,esc50,clipped
ESC-50/audio/5-222524-A-41.wav,esc50,low_snr
ESC-50/audio/5-223176-A-37.wav,esc50,clipped
ESC-50/audio/5-232272-A-44.wav,esc50,low_snr
ESC-50/audio/5-233605-A-39.wav,esc50,clipped
ESC-50/audio/5-233607-A-39.wav,esc50,clipped
ESC-50/audio/5-235507-A-44.wav,esc50,low_snr
ESC-50/audio/5-237795-A-34.wav,esc50,clipped
ESC-50/audio/5-238021-A-35.wav,esc50,low_snr
ESC-50/audio/5-243773-A-44.wav,esc50,low_snr
ESC-50/audio/5-243773-B-44.wav,esc50,low_snr
ESC-50/audio/5-243783-A-44.wav,esc50,low_snr
ESC-50/audio/5-244526-A-26.wav,esc50,clipped
ESC-50/audio/5-250629-A-37.wav,esc50,clipped
ESC-50/audio/5-250753-A-34.wav,esc50,clipped
ESC-50/audio/5-253085-B-3.wav,esc50,clipped
ESC-50/audio/5-256512-A-30.wav,esc50,clipped
ESC-50/audio/5-259169-A-5.wav,esc50,clipped
ESC-50/audio/5-260164-A-23.wav,esc50,clipped
ESC-50/audio/5-260875-A-35.wav,esc50,low_snr
ESC-50/audio/5-263775-B-26.wav,esc50,clipped
ESC-50/audio/5-263902-A-36.wav,esc50,low_snr
RealWorld-Urdu/Angry/WhatsApp Audio 2025-12-20 at 16.56.16_932d1637.wav,realworld_urdu,clipped
SEMOUR+/Actor_1/Fearful/41.wav,semour,too_short
SEMOUR+/Actor_2/Anger/73.wav,semour,too_short
SEMOUR+/Actor_5/Neutral/3.wav,semour,too_short
SEMOUR+/Actor_5/Neutral/4.wav,semour,too_short
UrbanSound8K/wav_by_fold/fold1/103074-7-0-0.wav,urbansound8k,low_snr
UrbanSound8K/wav_by_fold/fold1/103074-7-0-1.wav,urbansound8k,low_snr
UrbanSound8K/wav_by_fold/fold1/103074-7-0-2.wav,urbansound8k,low_snr
UrbanSound8K/wav_by_fold/fold1/103074-7-1-1.wav,urbansound8k,low_snr
UrbanSound8K/wav_by_fold/fold1/103074-7-1-2.wav,urbansound8k,low_snr
UrbanSound8K/wav_by_fold/fold1/103074-7-1-3.wav,urbansound8k,low_snr
UrbanSound8K/wav_by_fold/fold1/103074-7-1-4.wav,urbansound8k,low_snr
UrbanSound8K/wav_by_fold/fold1/103074-7-1-5.wav,urbansound8k,low_snr
UrbanSound8K/wav_by_fold/fold1/103074-7-3-1.wav,urbansound8k,low_snr
UrbanSound8K/wav_by_fold/fold1/103074-7-4-2.wav,urbansound8k,low_snr
UrbanSound8K/wav_by_fold/fold1/103074-7-4-4.wav,urbansound8k,low_snr
UrbanSound8K/wav_by_fold/fold1/146186-5-0-10.wav,urbansound8k,low_snr
UrbanSound8K/wav_by_fold/fold1/146186-5-0-11.wav,urbansound8k,low_snr
UrbanSound8K/wav_by_fold/fold1/146186-5-0-12.wav,urbansound8k,low_snr
UrbanSound8K/wav_by_fold/fold1/146186-5-0-13.wav,urbansound8k,low_snr
UrbanSound8K/wav_by_fold/fold1/146186-5-0-9.wav,urbansound8k,low_snr
UrbanSound8K/wav_by_fold/fold1/147764-4-4-0.wav,urbansound8k,low_snr
UrbanSound8K/wav_by_fold/fold1/147764-4-4-1.wav,urbansound8k,low_snr
UrbanSound8K/wav_by_fold/fold1/147764-4-6-0.wav,urbansound8k,low_snr
UrbanSound8K/wav_by_fold/fold1/151977-0-0-10.wav,urbansound8k,low_snr
UrbanSound8K/wav_by_fold/fold1/151977-0-0-11.wav,urbansound8k,low_snr
UrbanSound8K/wav_by_fold/fold1/151977-0-0-12.wav,urbansound8k,low_snr
UrbanSound8K/wav_by_fold/fold1/151977-0-0-13.wav,urbansound8k,low_snr
UrbanSound8K/wav_by_fold/fold1/151977-0-0-2.wav,urbansound8k,low_snr
UrbanSound8K/wav_by_fold/fold1/151977-0-0-3.wav,urbansound8k,low_snr
UrbanSound8K/wav_by_fold/fold1/151977-0-0-4.wav,urbansound8k,low_snr
UrbanSound8K/wav_by_fold/fold1/151977-0-0-6.wav,urbansound8k,low_snr
UrbanSound8K/wav_by_fold/fold1/151977-0-0-7.wav,urbansound8k,low_snr
UrbanSound8K/wav_by_fold/fold1/151977-0-0-8.wav,urbansound8k,low_snr
UrbanSound8K/wav_by_fold/fold1/156194-1-0-0.wav,urbansound8k,too_short
UrbanSound8K/wav_by_fold/fold1/160094-3-0-0.wav,urbansound8k,too_short
UrbanSound8K/wav_by_fold/fold1/162540-1-0-0.wav,urbansound8k,clipped
UrbanSound8K/wav_by_fold/fold1/162540-1-1-0.wav,urbansound8k,clipped
UrbanSound8K/wav_by_fold/fold1/162540-1-2-0.wav,urbansound8k,clipped
UrbanSound8K/wav_by_fold/fold1/166268-3-0-0.wav,urbansound8k,too_short
UrbanSound8K/wav_by_fold/fold1/166268-3-2-0.wav,urbansound8k,too_short
UrbanSound8K/wav_by_fold/fold1/17592-5-0-0.wav,urbansound8k,low_snr
UrbanSound8K/wav_by_fold/fold1/17592-5-1-1.wav,urbansound8k,low_snr
UrbanSound8K/wav_by_fold/fold1/17592-5-1-2.wav,urbansound8k,low_snr
UrbanSound8K/wav_by_fold/fold1/17592-5-1-3.wav,urbansound8k,low_snr
UrbanSound8K/wav_by_fold/fold1/176787-5-0-1.wav,urbansound8k,low_snr
UrbanSound8K/wav_by_fold/fold1/176787-5-0-10.wav,urbansound8k,low_snr
UrbanSound8K/wav_by_fold/fold1/176787-5-0-11.wav,urbansound8k,low_snr
UrbanSound8K/wav_by_fold/fold1/176787-5-0-12.wav,urbansound8k,low_snr
UrbanSound8K/wav_by_fold/fold1/176787-5-0-13.wav,urbansound8k,low_snr
UrbanSound8K/wav_by_fold/fold1/176787-5-0-14.wav,urbansound8k,low_snr
UrbanSound8K/wav_by_fold/fold1/176787-5-0-15.wav,urbansound8k,low_snr
UrbanSound8K/wav_by_fold/fold1/176787-5-0-16.wav,urbansound8k,low_snr
UrbanSound8K/wav_by_fold/fold1/176787-5-0-17.wav,urbansound8k,low_snr
UrbanSound8K/wav_by_fold/fold1/176787-5-0-18.wav,urbansound8k,low_snr
UrbanSound8K/wav_by_fold/fold1/176787-5-0-19.wav,urbansound8k,low_snr
UrbanSound8K/wav_by_fold/fold1/176787-5-0-2.wav,urbansound8k,low_snr
UrbanSound8K/wav_by_fold/fold1/176787-5-0-20.wav,urbansound8k,low_snr
UrbanSound8K/wav_by_fold/fold1/176787-5-0-21.wav,urbansound8k,low_snr
UrbanSound8K/wav_by_fold/fold1/176787-5-0-22.wav,urbansound8k,low_snr
UrbanSound8K/wav_by_fold/fold1/176787-5-0-23.wav,urbansound8k,low_snr
UrbanSound8K/wav_by_fold/fold1/176787-5-0-24.wav,urbansound8k,low_snr
UrbanSound8K/wav_by_fold/fold1/176787-5-0-25.wav,urbansound8k,low_snr
UrbanSound8K/wav_by_fold/fold1/176787-5-0-26.wav,urbansound8k,low_snr
UrbanSound8K/wav_by_fold/fold1/176787-5-0-27.wav,urbansound8k,low_snr
UrbanSound8K/wav_by_fold/fold1/176787-5-0-28.wav,urbansound8k,low_snr
UrbanSound8K/wav_by_fold/fold1/176787-5-0-29.wav,urbansound8k,low_snr
UrbanSound8K/wav_by_fold/fold1/176787-5-0-30.wav,urbansound8k,low_snr
UrbanSound8K/wav_by_fold/fold1/176787-5-0-4.wav,urbansound8k,low_snr
UrbanSound8K/wav_by_fold/fold1/176787-5-0-5.wav,urbansound8k,low_snr
UrbanSound8K/wav_by_fold/fold1/176787-5-0-6.wav,urbansound8k,low_snr
UrbanSound8K/wav_by_fold/fold1/176787-5-0-7.wav,urbansound8k,low_snr
UrbanSound8K/wav_by_fold/fold1/176787-5-0-8.wav,urbansound8k,low_snr
UrbanSound8K/wav_by_fold/fold1/176787-5-0-9.wav,urbansound8k,low_snr
UrbanSound8K/wav_by_fold/fold1/180937-7-3-33.wav,urbansound8k,low_snr
UrbanSound8K/wav_by_fold/fold1/19026-1-0-0.wav,urbansound8k,clipped
UrbanSound8K/wav_by_fold/fold1/40722-8-0-0.wav,urbansound8k,low_snr
UrbanSound8K/wav_by_fold/fold1/40722-8-0-3.wav,urbansound8k,low_snr
UrbanSound8K/wav_by_fold/fold1/40722-8-0-4.wav,urbansound8k,low_snr
UrbanSound8K/wav_by_fold/fold1/40722-8-0-5.wav,urbansound8k,low_snr
UrbanSound8K/wav_by_fold/fold1/40722-8-0-6.wav,urbansound8k,low_snr
UrbanSound8K/wav_by_fold/fold1/40722-8-0-7.wav,urbansound8k,low_snr
UrbanSound8K/wav_by_fold/fold1/40722-8-0-8.wav,urbansound8k,low_snr
UrbanSound8K/wav_by_fold/fold1/44736-5-0-0.wav,urbansound8k,low_snr
UrbanSound8K/wav_by_fold/fold1/46669-4-0-35.wav,urbansound8k,low_snr
UrbanSound8K/wav_by_fold/fold1/46669-4-0-45.wav,urbansound8k,low_snr
UrbanSound8K/wav_by_fold/fold1/46669-4-0-61.wav,urbansound8k,low_snr
UrbanSound8K/wav_by_fold/fold1/46669-4-0-63.wav,urbansound8k,low_snr
UrbanSound8K/wav_by_fold/fold1/46669-4-0-8.wav,urbansound8k,low_snr
UrbanSound8K/wav_by_fold/fold1/46918-5-0-1.wav,urbansound8k,low_snr
UrbanSound8K/wav_by_fold/fold1/46918-5-0-2.wav,urbansound8k,low_snr
UrbanSound8K/wav_by_fold/fold1/51022-3-13-0.wav,urbansound8k,low_snr
UrbanSound8K/wav_by_fold/fold1/51022-3-30-4.wav,urbansound8k,low_snr
UrbanSound8K/wav_by_fold/fold1/51022-3-7-0.wav,urbansound8k,low_snr
UrbanSound8K/wav_by_fold/fold1/57584-4-0-2.wav,urbansound8k,low_snr
UrbanSound8K/wav_by_fold/fold1/57584-4-0-3.wav,urbansound8k,low_snr
UrbanSound8K/wav_by_fold/fold1/57584-4-0-4.wav,urbansound8k,low_snr
UrbanSound8K/wav_by_fold/fold1/57584-4-0-5.wav,urbansound8k,low_snr
UrbanSound8K/wav_by_fold/fold1/57584-4-0-6.wav,urbansound8k,low_snr
UrbanSound8K/wav_by_fold/fold1/59277-0-0-0.wav,urbansound8k,low_snr
UrbanSound8K/wav_by_fold/fold1/59277-0-0-2.wav,urbansound8k,low_snr
UrbanSound8K/wav_by_fold/fold1/59277-0-0-3.wav,urbansound8k,low_snr
UrbanSound8K/wav_by_fold/fold1/59277-0-0-6.wav,urbansound8k,low_snr
UrbanSound8K/wav_by_fold/fold1/59277-0-0-7.wav,urbansound8k,low_snr
UrbanSound8K/wav_by_fold/fold1/72579-3-0-0.wav,urbansound8k,clipped
UrbanSound8K/wav_by_fold/fold1/78360-4-0-14.wav,urbansound8k,low_snr
UrbanSound8K/wav_by_fold/fold1/78360-4-0-16.wav,urbansound8k,low_snr
UrbanSound8K/wav_by_fold/fold1/78360-4-0-2.wav,urbansound8k,low_snr
UrbanSound8K/wav_by_fold/fold1/78360-4-0-3.wav,urbansound8k,low_snr
UrbanSound8K/wav_by_fold/fold1/78360-4-0-5.wav,urbansound8k,low_snr
UrbanSound8K/wav_by_fold/fold1/78360-4-0-8.wav,urbansound8k,low_snr
UrbanSound8K/wav_by_fold/fold1/78360-4-0-9.wav,urbansound8k,low_snr
UrbanSound8K/wav_by_fold/fold1/86279-3-0-0.wav,urbansound8k,clipped
UrbanSound8K/wav_by_fold/fold1/87275-1-0-0.wav,urbansound8k,too_short
UrbanSound8K/wav_by_fold/fold1/87275-1-1-0.wav,urbansound8k,too_short
UrbanSound8K/wav_by_fold/fold1/87275-1-2-0.wav,urbansound8k,too_short
UrbanSound8K/wav_by_fold/fold1/87275-1-3-0.wav,urbansound8k,too_short
UrbanSound8K/wav_by_fold/fold1/87275-1-4-0.wav,urbansound8k,too_short
UrbanSound8K/wav_by_fold/fold1/87275-1-5-0.wav,urbansound8k,too_short
UrbanSound8K/wav_by_fold/fold1/88466-7-0-0.wav,urbansound8k,low_snr
UrbanSound8K/wav_by_fold/fold1/98223-7-1-0.wav,urbansound8k,low_snr
UrbanSound8K/wav_by_fold/fold1/99180-9-0-36.wav,urbansound8k,low_snr
UrbanSound8K/wav_by_fold/fold1/99180-9-0-7.wav,urbansound8k,low_snr
UrbanSound8K/wav_by_fold/fold10/100648-1-4-0.wav,urbansound8k,clipped
UrbanSound8K/wav_by_fold/fold10/102857-5-0-0.wav,urbansound8k,low_snr
UrbanSound8K/wav_by_fold/fold10/102857-5-0-1.wav,urbansound8k,low_snr
UrbanSound8K/wav_by_fold/fold10/102857-5-0-11.wav,urbansound8k,low_snr
UrbanSound8K/wav_by_fold/fold10/102857-5-0-12.wav,urbansound8k,low_snr
UrbanSound8K/wav_by_fold/fold10/102857-5-0-13.wav,urbansound8k,low_snr
UrbanSound8K/wav_by_fold/fold10/102857-5-0-14.wav,urbansound8k,low_snr
UrbanSound8K/wav_by_fold/fold10/102857-5-0-15.wav,urbansound8k,low_snr
UrbanSound8K/wav_by_fold/fold10/102857-5-0-16.wav,urbansound8k,low_snr
UrbanSound8K/wav_by_fold/fold10/102857-5-0-17.wav,urbansound8k,low_snr
UrbanSound8K/wav_by_fold/fold10/102857-5-0-18.wav,urbansound8k,low_snr
UrbanSound8K/wav_by_fold/fold10/102857-5-0-19.wav,urbansound8k,low_snr
UrbanSound8K/wav_by_fold/fold10/102857-5-0-2.wav,urbansound8k,low_snr
UrbanSound8K/wav_by_fold/fold10/102857-5-0-20.wav,urbansound8k,low_snr
UrbanSound8K/wav_by_fold/fold10/102857-5-0-21.wav,urbansound8k,low_snr
UrbanSound8K/wav_by_fold/fold10/102857-5-0-22.wav,urbansound8k,low_snr
UrbanSound8K/wav_by_fold/fold10/102857-5-0-23.wav,urbansound8k,low_snr
UrbanSound8K/wav_by_fold/fold10/102857-5-0-24.wav,urbansound8k,low_snr
UrbanSound8K/wav_by_fold/fold10/102857-5-0-25.wav,urbansound8k,low_snr
UrbanSound8K/wav_by_fold/fold10/102857-5-0-28.wav,urbansound8k,low_snr
UrbanSound8K/wav_by_fold/fold10/102857-5-0-29.wav,urbansound8k,low_snr
UrbanSound8K/wav_by_fold/fold10/102857-5-0-3.wav,urbansound8k,low_snr
UrbanSound8K/wav_by_fold/fold10/102857-5-0-30.wav,urbansound8k,low_snr
UrbanSound8K/wav_by_fold/fold10/102857-5-0-4.wav,urbansound8k,low_snr
UrbanSound8K/wav_by_fold/fold10/102857-5-0-5.wav,urbansound8k,low_snr
UrbanSound8K/wav_by_fold/fold10/102857-5-0-6.wav,urbansound8k,low_snr
UrbanSound8K/wav_by_fold/fold10/102857-5-0-7.wav,urbansound8k,low_snr
UrbanSound8K/wav_by_fold/fold10/102857-5-0-8.wav,urbansound8k,low_snr
UrbanSound8K/wav_by_fold/fold10/102857-5-0-9.wav,urbansound8k,low_snr
UrbanSound8K/wav_by_fold/fold10/106014-5-0-1.wav,urbansound8k,low_snr
UrbanSound8K/wav_by_fold/fold10/106014-5-0-2.wav,urbansound8k,low_snr
UrbanSound8K/wav_by_fold/fold10/106014-5-0-3.wav,urbansound8k,low_snr
UrbanSound8K/wav_by_fold/fold10/106014-5-0-4.wav,urbansound8k,low_snr
UrbanSound8K/wav_by_fold/fold10/118278-4-0-10.wav,urbansound8k,low_snr
UrbanSound8K/wav_by_fold/fold10/118278-4-0-9.wav,urbansound8k,low_snr
UrbanSound8K/wav_by_fold/fold10/118558-5-1-1.wav,urbansound8k,low_snr
UrbanSound8K/wav_by_fold/fold10/119067-0-0-0.wav,urbansound8k,low_snr
UrbanSound8K/wav_by_fold/fold10/119067-0-0-1.wav,urbansound8k,low_snr
UrbanSound8K/wav_by_fold/fold10/119067-0-0-2.wav,urbansound8k,low_snr
UrbanSound8K/wav_by_fold/fold10/142641-3-0-0.wav,urbansound8k,clipped
UrbanSound8K/wav_by_fold/fold10/155262-2-0-11.wav,urbansound8k,low_snr
UrbanSound8K/wav_by_fold/fold10/155262-2-0-15.wav,urbansound8k,low_snr
UrbanSound8K/wav_by_fold/fold10/155262-2-0-58.wav,urbansound8k,low_snr
UrbanSound8K/wav_by_fold/fold10/155262-2-0-63.wav,urbansound8k,low_snr
UrbanSound8K/wav_by_fold/fold10/159742-8-0-13.wav,urbansound8k,low_snr
UrbanSound8K/wav_by_fold/fold10/165166-8-0-1.wav,urbansound8k,clipped
UrbanSound8K/wav_by_fold/fold10/165166-8-0-2.wav,urbansound8k,clipped
UrbanSound8K/wav_by_fold/fold10/165166-8-0-6.wav,urbansound8k,clipped
UrbanSound8K/wav_by_fold/fold10/165166-8-0-7.wav,urbansound8k,clipped
UrbanSound8K/wav_by_fold/fold10/165640-4-0-0.wav,urbansound8k,low_snr
UrbanSound8K/wav_by_fold/fold10/165640-4-0-1.wav,urbansound8k,low_snr
UrbanSound8K/wav_by_fold/fold10/167464-0-0-2.wav,urbansound8k,low_snr
UrbanSound8K/wav_by_fold/fold10/167464-0-0-3.wav,urbansound8k,low_snr
UrbanSound8K/wav_by_fold/fold10/167464-0-0-4.wav,urbansound8k,low_snr
UrbanSound8K/wav_by_fold/fold10/167464-0-0-5.wav,urbansound8k,low_snr
UrbanSound8K/wav_by_fold/fold10/167464-0-0-6.wav,urbansound8k,low_snr
UrbanSound8K/wav_by_fold/fold10/167464-0-0-9.wav,urbansound8k,low_snr
UrbanSound8K/wav_by_fold/fold10/17124-1-0-0.wav,urbansound8k,too_short
UrbanSound8K/wav_by_fold/fold10/17486-3-0-0.wav,urbansound8k,clipped
UrbanSound8K/wav_by_fold/fold10/180127-4-0-10.wav,urbansound8k,low_snr
UrbanSound8K/wav_by_fold/fold10/180127-4-0-11.wav,urbansound8k,low_snr
UrbanSound8K/wav_by_fold/fold10/180127-4-0-12.wav,urbansound8k,low_snr
UrbanSound8K/wav_by_fold/fold10/180127-4-0-13.wav,urbansound8k,low_snr
UrbanSound8K/wav_by_fold/fold10/180127-4-0-14.wav,urbansound8k,low_snr
UrbanSound8K/wav_by_fold/fold10/180127-4-0-15.wav,urbansound8k,low_snr
UrbanSound8K/wav_by_fold/fold10/180127-4-0-16.wav,urbansound8k,low_snr
UrbanSound8K/wav_by_fold/fold10/180127-4-0-17.wav,urbansound8k,low_snr
UrbanSound8K/wav_by_fold/fold10/180127-4-0-18.wav,urbansound8k,low_snr
UrbanSound8K/wav_by_fold/fold10/180127-4-0-19.wav,urbansound8k,low_snr
UrbanSound8K/wav_by_fold/fold10/180127-4-0-20.wav,urbansound8k,low_snr
UrbanSound8K/wav_by_fold/fold10/180127-4-0-21.wav,urbansound8k,low_snr
UrbanSound8K/wav_by_fold/fold10/180127-4-0-3.wav,urbansound8k,low_snr
UrbanSound8K/wav_by_fold/fold10/180127-4-0-4.wav,urbansound8k,low_snr
UrbanSound8K/wav_by_fold/fold10/180127-4-0-5.wav,urbansound8k,low_snr
UrbanSound8K/wav_by_fold/fold10/180127-4-0-6.wav,urbansound8k,low_snr
UrbanSound8K/wav_by_fold/fold10/180127-4-0-7.wav,urbansound8k,low_snr
UrbanSound8K/wav_by_fold/fold10/180127-4-0-8.wav,urbansound8k,low_snr
UrbanSound8K/wav_by_fold/fold10/180127-4-0-9.wav,urbansound8k,low_snr
UrbanSound8K/wav_by_fold/fold10/181624-4-2-0.wav,urbansound8k,low_snr
UrbanSound8K/wav_by_fold/fold10/20571-3-0-0.wav,urbansound8k,low_snr
UrbanSound8K/wav_by_fold/fold10/26255-3-0-0.wav,urbansound8k,too_short
UrbanSound8K/wav_by_fold/fold10/26255-3-8-0.wav,urbansound8k,low_snr
UrbanSound8K/wav_by_fold/fold10/2937-1-0-0.wav,urbansound8k,low_snr
UrbanSound8K/wav_by_fold/fold10/39847-5-0-0.wav,urbansound8k,clipped
UrbanSound8K/wav_by_fold/fold10/39847-5-0-1.wav,urbansound8k,clipped
UrbanSound8K/wav_by_fold/fold10/39847-5-0-10.wav,urbansound8k,clipped
UrbanSound8K/wav_by_fold/fold10/39847-5-0-11.wav,urbansound8k,clipped
UrbanSound8K/wav_by_fold/fold10/39847-5-0-12.wav,urbansound8k,clipped
UrbanSound8K/wav_by_fold/fold10/39847-5-0-2.wav,urbansound8k,clipped
UrbanSound8K/wav_by_fold/fold10/39847-5-0-3.wav,urbansound8k,clipped
UrbanSound8K/wav_by_fold/fold10/39847-5-0-4.wav,urbansound8k,clipped
UrbanSound8K/wav_by_fold/fold10/39847-5-0-5.wav,urbansound8k,clipped
UrbanSound8K/wav_by_fold/fold10/39847-5-0-6.wav,urbansound8k,clipped
UrbanSound8K/wav_by_fold/fold10/39847-5-0-7.wav,urbansound8k,clipped
UrbanSound8K/wav_by_fold/fold10/39847-5-0-8.wav,urbansound8k,clipped
UrbanSound8K/wav_by_fold/fold10/39847-5-0-9.wav,urbansound8k,clipped
UrbanSound8K/wav_by_fold/fold10/39847-5-1-0.wav,urbansound8k,clipped
UrbanSound8K/wav_by_fold/fold10/73524-0-0-23.wav,urbansound8k,low_snr
UrbanSound8K/wav_by_fold/fold10/73524-0-0-31.wav,urbansound8k,low_snr
UrbanSound8K/wav_by_fold/fold10/73524-0-0-8.wav,urbansound8k,low_snr
UrbanSound8K/wav_by_fold/fold10/74922-4-0-1.wav,urbansound8k,low_snr
UrbanSound8K/wav_by_fold/fold10/74922-4-0-2.wav,urbansound8k,low_snr
UrbanSound8K/wav_by_fold/fold10/74922-4-0-3.wav,urbansound8k,low_snr
UrbanSound8K/wav_by_fold/fold10/74922-4-0-4.wav,urbansound8k,low_snr
UrbanSound8K/wav_by_fold/fold10/7965-3-11-0.wav,urbansound8k,clipped
UrbanSound8K/wav_by_fold/fold2/102858-5-0-0.wav,urbansound8k,low_snr
UrbanSound8K/wav_by_fold/fold2/102858-5-0-1.wav,urbansound8k,low_snr
UrbanSound8K/wav_by_fold/fold2/102871-8-0-0.wav,urbansound8k,low_snr
UrbanSound8K/wav_by_fold/fold2/104817-4-0-1.wav,urbansound8k,low_snr
UrbanSound8K/wav_by_fold/fold2/104817-4-0-2.wav,urbansound8k,low_snr
UrbanSound8K/wav_by_fold/fold2/104817-4-0-3.wav,urbansound8k,low_snr
UrbanSound8K/wav_by_fold/fold2/104817-4-0-4.wav,urbansound8k,low_snr
UrbanSound8K/wav_by_fold/fold2/104817-4-0-5.wav,urbansound8k,low_snr
UrbanSound8K/wav_by_fold/fold2/104817-4-0-6.wav,urbansound8k,low_snr
UrbanSound8K/wav_by_fold/fold2/104817-4-0-7.wav,urbansound8k,low_snr
UrbanSound8K/wav_by_fold/fold2/106015-5-0-10.wav,urbansound8k,low_snr
UrbanSound8K/wav_by_fold/fold2/106015-5-0-11.wav,urbansound8k,low_snr
UrbanSound8K/wav_by_fold/fold2/106015-5-0-12.wav,urbansound8k,low_snr
UrbanSound8K/wav_by_fold/fold2/106015-5-0-13.wav,urbansound8k,low_snr
UrbanSound8K/wav_by_fold/fold2/106015-5-0-14.wav,urbansound8k,low_snr
UrbanSound8K/wav_by_fold/fold2/106015-5-0-15.wav,urbansound8k,low_snr
UrbanSound8K/wav_by_fold/fold2/106015-5-0-16.wav,urbansound8k,low_snr
UrbanSound8K/wav_by_fold/fold2/106015-5-0-17.wav,urbansound8k,low_snr
UrbanSound8K/wav_by_fold/fold2/106015-5-0-18.wav,urbansound8k,low_snr
UrbanSound8K/wav_by_fold/fold2/106015-5-0-19.wav,urbansound8k,low_snr
UrbanSound8K/wav_by_fold/fold2/106015-5-0-20.wav,urbansound8k,low_snr
UrbanSound8K/wav_by_fold/fold2/106015-5-0-5.wav,urbansound8k,low_snr
UrbanSound8K/wav_by_fold/fold2/106015-5-0-6.wav,urbansound8k,low_snr
UrbanSound8K/wav_by_fold/fold2/106015-5-0-7.wav,urbansound8k,low_snr
UrbanSound8K/wav_by_fold/fold2/106015-5-0-8.wav,urbansound8k,low_snr
UrbanSound8K/wav_by_fold/fold2/106015-5-0-9.wav,urbansound8k,low_snr
UrbanSound8K/wav_by_fold/fold2/108187-3-2-0.wav,urbansound8k,low_snr
UrbanSound8K/wav_by_fold/fold2/123688-8-0-16.wav,urbansound8k,low_snr
UrbanSound8K/wav_by_fold/fold2/127872-0-0-0.wav,urbansound8k,low_snr
UrbanSound8K/wav_by_fold/fold2/143970-5-0-1.wav,urbansound8k,low_snr
UrbanSound8K/wav_by_fold/fold2/143970-5-0-2.wav,urbansound8k,low_snr
UrbanSound8K/wav_by_fold/fold2/143970-5-0-3.wav,urbansound8k,low_snr
UrbanSound8K/wav_by_fold/fold2/145577-1-0-0.wav,urbansound8k,low_snr
UrbanSound8K/wav_by_fold/fold2/155129-1-0-0.wav,urbansound8k,too_short
UrbanSound8K/wav_by_fold/fold2/155129-1-1-0.wav,urbansound8k,too_short
UrbanSound8K/wav_by_fold/fold2/156893-7-10-0.wav,urbansound8k,low_snr
UrbanSound8K/wav_by_fold/fold2/160092-3-0-0.wav,urbansound8k,too_short
UrbanSound8K/wav_by_fold/fold2/17307-1-0-0.wav,urbansound8k,too_short
UrbanSound8K/wav_by_fold/fold2/176634-1-0-0.wav,urbansound8k,too_short
UrbanSound8K/wav_by_fold/fold2/180126-4-4-2.wav,urbansound8k,low_snr
UrbanSound8K/wav_by_fold/fold2/189023-0-0-12.wav,urbansound8k,low_snr
UrbanSound8K/wav_by_fold/fold2/189023-0-0-5.wav,urbansound8k,low_snr
UrbanSound8K/wav_by_fold/fold2/203929-7-1-0.wav,urbansound8k,low_snr
UrbanSound8K/wav_by_fold/fold2/203929-7-1-8.wav,urbansound8k,low_snr
UrbanSound8K/wav_by_fold/fold2/203929-7-10-1.wav,urbansound8k,low_snr
UrbanSound8K/wav_by_fold/fold2/203929-7-2-8.wav,urbansound8k,low_snr
UrbanSound8K/wav_by_fold/fold2/203929-7-2-9.wav,urbansound8k,low_snr
UrbanSound8K/wav_by_fold/fold2/203929-7-3-10.wav,urbansound8k,low_snr
UrbanSound8K/wav_by_fold/fold2/203929-7-3-2.wav,urbansound8k,low_snr
UrbanSound8K/wav_by_fold/fold2/203929-7-3-3.wav,urbansound8k,low_snr
UrbanSound8K/wav_by_fold/fold2/203929-7-3-5.wav,urbansound8k,low_snr
UrbanSound8K/wav_by_fold/fold2/203929-7-3-9.wav,urbansound8k,low_snr
UrbanSound8K/wav_by_fold/fold2/203929-7-4-0.wav,urbansound8k,low_snr
UrbanSound8K/wav_by_fold/fold2/203929-7-4-1.wav,urbansound8k,low_snr
UrbanSound8K/wav_by_fold/fold2/203929-7-4-10.wav,urbansound8k,low_snr
UrbanSound8K/wav_by_fold/fold2/203929-7-4-2.wav,urbansound8k,low_snr
UrbanSound8K/wav_by_fold/fold2/203929-7-4-4.wav,urbansound8k,low_snr
UrbanSound8K/wav_by_fold/fold2/203929-7-4-8.wav,urbansound8k,low_snr
UrbanSound8K/wav_by_fold/fold2/203929-7-5-1.wav,urbansound8k,low_snr
UrbanSound8K/wav_by_fold/fold2/203929-7-5-10.wav,urbansound8k,low_snr
UrbanSound8K/wav_by_fold/fold2/203929-7-5-6.wav,urbansound8k,low_snr
UrbanSound8K/wav_by_fold/fold2/203929-7-5-7.wav,urbansound8k,low_snr
UrbanSound8K/wav_by_fold/fold2/203929-7-6-1.wav,urbansound8k,low_snr
UrbanSound8K/wav_by_fold/fold2/203929-7-6-10.wav,urbansound8k,low_snr
UrbanSound8K/wav_by_fold/fold2/203929-7-6-11.wav,urbansound8k,low_snr
UrbanSound8K/wav_by_fold/fold2/203929-7-6-2.wav,urbansound8k,low_snr
UrbanSound8K/wav_by_fold/fold2/203929-7-6-3.wav,urbansound8k,low_snr
UrbanSound8K/wav_by_fold/fold2/203929-7-6-8.wav,urbansound8k,low_snr
UrbanSound8K/wav_by_fold/fold2/203929-7-6-9.wav,urbansound8k,low_snr
UrbanSound8K/wav_by_fold/fold2/203929-7-7-10.wav,urbansound8k,low_snr
UrbanSound8K/wav_by_fold/fold2/203929-7-7-12.wav,urbansound8k,low_snr
UrbanSound8K/wav_by_fold/fold2/203929-7-7-13.wav,urbansound8k,low_snr
UrbanSound8K/wav_by_fold/fold2/203929-7-7-14.wav,urbansound8k,low_snr
UrbanSound8K/wav_by_fold/fold2/203929-7-7-15.wav,urbansound8k,low_snr
UrbanSound8K/wav_by_fold/fold2/203929-7-7-16.wav,urbansound8k,low_snr
UrbanSound8K/wav_by_fold/fold2/203929-7-7-2.wav,urbansound8k,low_snr
UrbanSound8K/wav_by_fold/fold2/203929-7-7-3.wav,urbansound8k,low_snr
UrbanSound8K/wav_by_fold/fold2/203929-7-7-4.wav,urbansound8k,low_snr
UrbanSound8K/wav_by_fold/fold2/203929-7-7-9.wav,urbansound8k,low_snr
UrbanSound8K/wav_by_fold/fold2/203929-7-8-0.wav,urbansound8k,low_snr
UrbanSound8K/wav_by_fold/fold2/203929-7-9-0.wav,urbansound8k,low_snr
UrbanSound8K/wav_by_fold/fold2/203929-7-9-15.wav,urbansound8k,low_snr
UrbanSound8K/wav_by_fold/fold2/203929-7-9-17.wav,urbansound8k,low_snr
UrbanSound8K/wav_by_fold/fold2/203929-7-9-18.wav,urbansound8k,low_snr
UrbanSound8K/wav_by_fold/fold2/203929-7-9-19.wav,urbansound8k,low_snr
UrbanSound8K/wav_by_fold/fold2/203929-7-9-20.wav,urbansound8k,low_snr
UrbanSound8K/wav_by_fold/fold2/203929-7-9-4.wav,urbansound8k,low_snr
UrbanSound8K/wav_by_fold/fold2/203929-7-9-6.wav,urbansound8k,low_snr
UrbanSound8K/wav_by_fold/fold2/203929-7-9-8.wav,urbansound8k,low_snr
UrbanSound8K/wav_by_fold/fold2/203929-7-9-9.wav,urbansound8k,low_snr
UrbanSound8K/wav_by_fold/fold2/33849-3-0-0.wav,urbansound8k,too_short
UrbanSound8K/wav_by_fold/fold2/40717-8-0-1.wav,urbansound8k,low_snr
UrbanSound8K/wav_by_fold/fold2/40717-8-0-4.wav,urbansound8k,low_snr
UrbanSound8K/wav_by_fold/fold2/40717-8-0-5.wav,urbansound8k,low_snr
UrbanSound8K/wav_by_fold/fold2/40717-8-0-6.wav,urbansound8k,low_snr
UrbanSound8K/wav_by_fold/fold2/4201-3-0-0.wav,urbansound8k,too_short
UrbanSound8K/wav_by_fold/fold2/4201-3-1-0.wav,urbansound8k,too_short
UrbanSound8K/wav_by_fold/fold2/4911-3-0-0.wav,urbansound8k,too_short
UrbanSound8K/wav_by_fold/fold2/50416-4-0-1.wav,urbansound8k,low_snr
UrbanSound8K/wav_by_fold/fold2/59594-4-0-2.wav,urbansound8k,low_snr
UrbanSound8K/wav_by_fold/fold2/59594-4-0-3.wav,urbansound8k,low_snr
UrbanSound8K/wav_by_fold/fold2/59594-4-0-4.wav,urbansound8k,low_snr
UrbanSound8K/wav_by_fold/fold2/66996-8-3-0.wav,urbansound8k,low_snr
UrbanSound8K/wav_by_fold/fold2/72567-1-2-0.wav,urbansound8k,low_snr
UrbanSound8K/wav_by_fold/fold2/72567-1-2-3.wav,urbansound8k,low_snr
UrbanSound8K/wav_by_fold/fold2/72567-1-2-4.wav,urbansound8k,low_snr
UrbanSound8K/wav_by_fold/fold2/72567-1-3-0.wav,urbansound8k,low_snr
UrbanSound8K/wav_by_fold/fold2/73623-7-1-0.wav,urbansound8k,low_snr
UrbanSound8K/wav_by_fold/fold2/73623-7-1-1.wav,urbansound8k,low_snr
UrbanSound8K/wav_by_fold/fold2/73623-7-3-0.wav,urbansound8k,low_snr
UrbanSound8K/wav_by_fold/fold2/74507-0-0-0.wav,urbansound8k,low_snr
UrbanSound8K/wav_by_fold/fold2/74507-0-0-1.wav,urbansound8k,low_snr
UrbanSound8K/wav_by_fold/fold2/74507-0-0-10.wav,urbansound8k,low_snr
UrbanSound8K/wav_by_fold/fold2/74507-0-0-11.wav,urbansound8k,low_snr
UrbanSound8K/wav_by_fold/fold2/74507-0-0-12.wav,urbansound8k,low_snr
UrbanSound8K/wav_by_fold/fold2/74507-0-0-13.wav,urbansound8k,low_snr
UrbanSound8K/wav_by_fold/fold2/74507-0-0-14.wav,urbansound8k,low_snr
UrbanSound8K/wav_by_fold/fold2/74507-0-0-15.wav,urbansound8k,low_snr
UrbanSound8K/wav_by_fold/fold2/74507-0-0-16.wav,urbansound8k,low_snr
UrbanSound8K/wav_by_fold/fold2/74507-0-0-17.wav,urbansound8k,low_snr
UrbanSound8K/wav_by_fold/fold2/74507-0-0-18.wav,urbansound8k,low_snr
UrbanSound8K/wav_by_fold/fold2/74507-0-0-2.wav,urbansound8k,low_snr
UrbanSound8K/wav_by_fold/fold2/74507-0-0-20.wav,urbansound8k,low_snr
UrbanSound8K/wav_by_fold/fold2/74507-0-0-22.wav,urbansound8k,low_snr
UrbanSound8K/wav_by_fold/fold2/74507-0-0-23.wav,urbansound8k,low_snr
UrbanSound8K/wav_by_fold/fold2/74507-0-0-24.wav,urbansound8k,low_snr
UrbanSound8K/wav_by_fold/fold2/74507-0-0-25.wav,urbansound8k,low_snr
UrbanSound8K/wav_by_fold/fold2/74507-0-0-27.wav,urbansound8k,low_snr
UrbanSound8K/wav_by_fold/fold2/74507-0-0-28.wav,urbansound8k,low_snr
UrbanSound8K/wav_by_fold/fold2/74507-0-0-3.wav,urbansound8k,low_snr
UrbanSound8K/wav_by_fold/fold2/74507-0-0-4.wav,urbansound8k,low_snr
UrbanSound8K/wav_by_fold/fold2/74507-0-0-5.wav,urbansound8k,low_snr
UrbanSound8K/wav_by_fold/fold2/74507-0-0-6.wav,urbansound8k,low_snr
UrbanSound8K/wav_by_fold/fold2/74507-0-0-8.wav,urbansound8k,low_snr
UrbanSound8K/wav_by_fold/fold2/74507-0-0-9.wav,urbansound8k,low_snr
UrbanSound8K/wav_by_fold/fold2/76086-4-0-12.wav,urbansound8k,low_snr
UrbanSound8K/wav_by_fold/fold2/76086-4-0-19.wav,urbansound8k,low_snr
UrbanSound8K/wav_by_fold/fold2/76086-4-0-36.wav,urbansound8k,low_snr
UrbanSound8K/wav_by_fold/fold2/76086-4-0-56.wav,urbansound8k,low_snr
UrbanSound8K/wav_by_fold/fold2/76086-4-0-58.wav,urbansound8k,low_snr
UrbanSound8K/wav_by_fold/fold3/103199-4-0-4.wav,urbansound8k,low_snr
UrbanSound8K/wav_by_fold/fold3/103199-4-0-5.wav,urbansound8k,low_snr
UrbanSound8K/wav_by_fold/fold3/103199-4-0-6.wav,urbansound8k,low_snr
UrbanSound8K/wav_by_fold/fold3/103199-4-2-10.wav,urbansound8k,low_snr
UrbanSound8K/wav_by_fold/fold3/103199-4-2-11.wav,urbansound8k,low_snr
UrbanSound8K/wav_by_fold/fold3/103199-4-2-5.wav,urbansound8k,low_snr
UrbanSound8K/wav_by_fold/fold3/103199-4-2-6.wav,urbansound8k,low_snr
UrbanSound8K/wav_by_fold/fold3/103199-4-2-9.wav,urbansound8k,low_snr
UrbanSound8K/wav_by_fold/fold3/103357-4-0-1.wav,urbansound8k,low_snr
UrbanSound8K/wav_by_fold/fold3/112075-5-0-0.wav,urbansound8k,low_snr
UrbanSound8K/wav_by_fold/fold3/112075-5-0-1.wav,urbansound8k,low_snr
UrbanSound8K/wav_by_fold/fold3/118070-1-0-0.wav,urbansound8k,too_short
UrbanSound8K/wav_by_fold/fold3/118496-1-0-0.wav,urbansound8k,too_short
UrbanSound8K/wav_by_fold/fold3/118496-1-1-0.wav,urbansound8k,too_short
UrbanSound8K/wav_by_fold/fold3/118961-3-0-0.wav,urbansound8k,clipped
UrbanSound8K/wav_by_fold/fold3/13230-0-0-17.wav,urbansound8k,low_snr
UrbanSound8K/wav_by_fold/fold3/13230-0-0-18.wav,urbansound8k,low_snr
UrbanSound8K/wav_by_fold/fold3/13230-0-0-23.wav,urbansound8k,low_snr
UrbanSound8K/wav_by_fold/fold3/13230-0-0-24.wav,urbansound8k,low_snr
UrbanSound8K/wav_by_fold/fold3/13230-0-0-9.wav,urbansound8k,low_snr
UrbanSound8K/wav_by_fold/fold3/144068-5-0-10.wav,urbansound8k,low_snr
UrbanSound8K/wav_by_fold/fold3/144068-5-0-11.wav,urbansound8k,low_snr
UrbanSound8K/wav_by_fold/fold3/144068-5-0-12.wav,urbansound8k,low_snr
UrbanSound8K/wav_by_fold/fold3/144068-5-0-13.wav,urbansound8k,low_snr
UrbanSound8K/wav_by_fold/fold3/144068-5-0-14.wav,urbansound8k,low_snr
UrbanSound8K/wav_by_fold/fold3/144068-5-0-15.wav,urbansound8k,low_snr
UrbanSound8K/wav_by_fold/fold3/144068-5-0-16.wav,urbansound8k,low_snr
UrbanSound8K/wav_by_fold/fold3/144068-5-0-17.wav,urbansound8k,low_snr
UrbanSound8K/wav_by_fold/fold3/144068-5-0-18.wav,urbansound8k,low_snr
UrbanSound8K/wav_by_fold/fold3/144068-5-0-2.wav,urbansound8k,low_snr
UrbanSound8K/wav_by_fold/fold3/144068-5-0-3.wav,urbansound8k,low_snr
UrbanSound8K/wav_by_fold/fold3/144068-5-0-4.wav,urbansound8k,low_snr
UrbanSound8K/wav_by_fold/fold3/144068-5-0-5.wav,urbansound8k,low_snr
UrbanSound8K/wav_by_fold/fold3/144068-5-0-6.wav,urbansound8k,low_snr
UrbanSound8K/wav_by_fold/fold3/144068-5-0-7.wav,urbansound8k,low_snr
UrbanSound8K/wav_by_fold/fold3/144068-5-0-8.wav,urbansound8k,low_snr
UrbanSound8K/wav_by_fold/fold3/144068-5-0-9.wav,urbansound8k,low_snr
UrbanSound8K/wav_by_fold/fold3/144068-5-2-0.wav,urbansound8k,low_snr
UrbanSound8K/wav_by_fold/fold3/144068-5-4-0.wav,urbansound8k,low_snr
UrbanSound8K/wav_by_fold/fold3/144068-5-4-1.wav,urbansound8k,low_snr
UrbanSound8K/wav_by_fold/fold3/144068-5-4-2.wav,urbansound8k,low_snr
UrbanSound8K/wav_by_fold/fold3/144068-5-4-3.wav,urbansound8k,low_snr
UrbanSound8K/wav_by_fold/fold3/144068-5-4-4.wav,urbansound8k,low_snr
UrbanSound8K/wav_by_fold/fold3/144068-5-4-6.wav,urbansound8k,low_snr
UrbanSound8K/wav_by_fold/fold3/144068-5-4-7.wav,urbansound8k,low_snr
UrbanSound8K/wav_by_fold/fold3/144068-5-4-8.wav,urbansound8k,low_snr
UrbanSound8K/wav_by_fold/fold3/144068-5-5-0.wav,urbansound8k,low_snr
UrbanSound8K/wav_by_fold/fold3/144068-5-5-1.wav,urbansound8k,low_snr
UrbanSound8K/wav_by_fold/fold3/144068-5-5-2.wav,urbansound8k,low_snr
UrbanSound8K/wav_by_fold/fold3/144885-3-0-0.wav,urbansound8k,too_short
UrbanSound8K/wav_by_fold/fold3/151359-1-0-0.wav,urbansound8k,too_short
UrbanSound8K/wav_by_fold/fold3/151359-1-1-0.wav,urbansound8k,too_short
UrbanSound8K/wav_by_fold/fold3/151359-1-2-0.wav,urbansound8k,too_short
UrbanSound8K/wav_by_fold/fold3/151359-1-3-0.wav,urbansound8k,too_short
UrbanSound8K/wav_by_fold/fold3/155263-2-0-34.wav,urbansound8k,low_snr
UrbanSound8K/wav_by_fold/fold3/155263-2-0-61.wav,urbansound8k,low_snr
UrbanSound8K/wav_by_fold/fold3/159761-0-0-0.wav,urbansound8k,low_snr
UrbanSound8K/wav_by_fold/fold3/159761-0-0-1.wav,urbansound8k,low_snr
UrbanSound8K/wav_by_fold/fold3/159761-0-0-2.wav,urbansound8k,low_snr
UrbanSound8K/wav_by_fold/fold3/159761-0-0-3.wav,urbansound8k,low_snr
UrbanSound8K/wav_by_fold/fold3/159761-0-0-4.wav,urbansound8k,low_snr
UrbanSound8K/wav_by_fold/fold3/159761-0-0-5.wav,urbansound8k,low_snr
UrbanSound8K/wav_by_fold/fold3/159761-0-0-6.wav,urbansound8k,low_snr
UrbanSound8K/wav_by_fold/fold3/159761-0-0-7.wav,urbansound8k,low_snr
UrbanSound8K/wav_by_fold/fold3/159761-0-0-8.wav,urbansound8k,low_snr
UrbanSound8K/wav_by_fold/fold3/160093-3-0-0.wav,urbansound8k,too_short
UrbanSound8K/wav_by_fold/fold3/17615-3-0-3.wav,urbansound8k,low_snr
UrbanSound8K/wav_by_fold/fold3/17615-3-0-4.wav,urbansound8k,low_snr
UrbanSound8K/wav_by_fold/fold3/177742-0-0-149.wav,urbansound8k,low_snr
UrbanSound8K/wav_by_fold/fold3/177742-0-0-161.wav,urbansound8k,low_snr
UrbanSound8K/wav_by_fold/fold3/177742-0-0-164.wav,urbansound8k,low_snr
UrbanSound8K/wav_by_fold/fold3/177742-0-0-165.wav,urbansound8k,low_snr
UrbanSound8K/wav_by_fold/fold3/177742-0-0-196.wav,urbansound8k,low_snr
UrbanSound8K/wav_by_fold/fold3/177742-0-0-202.wav,urbansound8k,low_snr
UrbanSound8K/wav_by_fold/fold3/177742-0-0-204.wav,urbansound8k,low_snr
UrbanSound8K/wav_by_fold/fold3/177742-0-0-205.wav,urbansound8k,low_snr
UrbanSound8K/wav_by_fold/fold3/177742-0-0-211.wav,urbansound8k,low_snr
UrbanSound8K/wav_by_fold/fold3/177742-0-0-36.wav,urbansound8k,low_snr
UrbanSound8K/wav_by_fold/fold3/177742-0-0-49.wav,urbansound8k,low_snr
UrbanSound8K/wav_by_fold/fold3/18594-1-2-0.wav,urbansound8k,too_short
UrbanSound8K/wav_by_fold/fold3/18594-1-3-0.wav,urbansound8k,too_short
UrbanSound8K/wav_by_fold/fold3/18594-1-4-0.wav,urbansound8k,too_short
UrbanSound8K/wav_by_fold/fold3/186336-9-0-1.wav,urbansound8k,low_snr
UrbanSound8K/wav_by_fold/fold3/195451-5-0-13.wav,urbansound8k,low_snr
UrbanSound8K/wav_by_fold/fold3/195451-5-0-14.wav,urbansound8k,low_snr
UrbanSound8K/wav_by_fold/fold3/195451-5-0-15.wav,urbansound8k,low_snr
UrbanSound8K/wav_by_fold/fold3/195451-5-0-16.wav,urbansound8k,low_snr
UrbanSound8K/wav_by_fold/fold3/195451-5-0-19.wav,urbansound8k,low_snr
UrbanSound8K/wav_by_fold/fold3/195451-5-0-20.wav,urbansound8k,low_snr
UrbanSound8K/wav_by_fold/fold3/195451-5-0-21.wav,urbansound8k,low_snr
UrbanSound8K/wav_by_fold/fold3/195451-5-0-4.wav,urbansound8k,low_snr
UrbanSound8K/wav_by_fold/fold3/195451-5-0-5.wav,urbansound8k,low_snr
UrbanSound8K/wav_by_fold/fold3/199769-1-0-0.wav,urbansound8k,low_snr
UrbanSound8K/wav_by_fold/fold3/199769-1-0-10.wav,urbansound8k,low_snr
UrbanSound8K/wav_by_fold/fold3/199769-1-0-11.wav,urbansound8k,low_snr
UrbanSound8K/wav_by_fold/fold3/199769-1-0-12.wav,urbansound8k,low_snr
UrbanSound8K/wav_by_fold/fold3/199769-1-0-13.wav,urbansound8k,low_snr
UrbanSound8K/wav_by_fold/fold3/199769-1-0-14.wav,urbansound8k,low_snr
UrbanSound8K/wav_by_fold/fold3/199769-1-0-15.wav,urbansound8k,low_snr
UrbanSound8K/wav_by_fold/fold3/199769-1-0-16.wav,urbansound8k,low_snr
UrbanSound8K/wav_by_fold/fold3/199769-1-0-17.wav,urbansound8k,low_snr
UrbanSound8K/wav_by_fold/fold3/199769-1-0-18.wav,urbansound8k,low_snr
UrbanSound8K/wav_by_fold/fold3/199769-1-0-7.wav,urbansound8k,low_snr
UrbanSound8K/wav_by_fold/fold3/199769-1-0-8.wav,urbansound8k,low_snr
UrbanSound8K/wav_by_fold/fold3/199769-1-0-9.wav,urbansound8k,low_snr
UrbanSound8K/wav_by_fold/fold3/22601-8-0-11.wav,urbansound8k,low_snr
UrbanSound8K/wav_by_fold/fold3/22601-8-0-12.wav,urbansound8k,low_snr
UrbanSound8K/wav_by_fold/fold3/22601-8-0-13.wav,urbansound8k,low_snr
UrbanSound8K/wav_by_fold/fold3/22601-8-0-14.wav,urbansound8k,low_snr
UrbanSound8K/wav_by_fold/fold3/22601-8-0-17.wav,urbansound8k,low_snr
UrbanSound8K/wav_by_fold/fold3/22601-8-0-18.wav,urbansound8k,low_snr
UrbanSound8K/wav_by_fold/fold3/22601-8-0-26.wav,urbansound8k,low_snr
UrbanSound8K/wav_by_fold/fold3/22601-8-0-27.wav,urbansound8k,low_snr
UrbanSound8K/wav_by_fold/fold3/22601-8-0-29.wav,urbansound8k,low_snr
UrbanSound8K/wav_by_fold/fold3/22601-8-0-46.wav,urbansound8k,low_snr
UrbanSound8K/wav_by_fold/fold3/22601-8-0-47.wav,urbansound8k,low_snr
UrbanSound8K/wav_by_fold/fold3/22601-8-0-48.wav,urbansound8k,low_snr
UrbanSound8K/wav_by_fold/fold3/29721-4-0-0.wav,urbansound8k,low_snr
UrbanSound8K/wav_by_fold/fold3/29721-4-0-1.wav,urbansound8k,low_snr
UrbanSound8K/wav_by_fold/fold3/29721-4-0-10.wav,urbansound8k,low_snr
UrbanSound8K/wav_by_fold/fold3/29721-4-0-11.wav,urbansound8k,low_snr
UrbanSound8K/wav_by_fold/fold3/29721-4-0-12.wav,urbansound8k,low_snr
UrbanSound8K/wav_by_fold/fold3/29721-4-0-13.wav,urbansound8k,low_snr
UrbanSound8K/wav_by_fold/fold3/29721-4-0-14.wav,urbansound8k,low_snr
UrbanSound8K/wav_by_fold/fold3/29721-4-0-2.wav,urbansound8k,low_snr
UrbanSound8K/wav_by_fold/fold3/29721-4-0-3.wav,urbansound8k,low_snr
UrbanSound8K/wav_by_fold/fold3/29721-4-0-4.wav,urbansound8k,low_snr
UrbanSound8K/wav_by_fold/fold3/29721-4-0-5.wav,urbansound8k,low_snr
UrbanSound8K/wav_by_fold/fold3/29721-4-0-6.wav,urbansound8k,low_snr
UrbanSound8K/wav_by_fold/fold3/29721-4-0-9.wav,urbansound8k,low_snr
UrbanSound8K/wav_by_fold/fold3/37560-4-0-1.wav,urbansound8k,low_snr
UrbanSound8K/wav_by_fold/fold3/37560-4-0-2.wav,urbansound8k,low_snr
UrbanSound8K/wav_by_fold/fold3/37560-4-0-3.wav,urbansound8k,low_snr
UrbanSound8K/wav_by_fold/fold3/37560-4-0-4.wav,urbansound8k,low_snr
UrbanSound8K/wav_by_fold/fold3/58806-0-0-0.wav,urbansound8k,low_snr
UrbanSound8K/wav_by_fold/fold3/62837-7-0-16.wav,urbansound8k,low_snr
UrbanSound8K/wav_by_fold/fold3/62837-7-0-17.wav,urbansound8k,low_snr
UrbanSound8K/wav_by_fold/fold3/62837-7-0-30.wav,urbansound8k,low_snr
UrbanSound8K/wav_by_fold/fold3/62837-7-0-31.wav,urbansound8k,low_snr
UrbanSound8K/wav_by_fold/fold3/62837-7-0-34.wav,urbansound8k,low_snr
UrbanSound8K/wav_by_fold/fold3/62837-7-0-4.wav,urbansound8k,low_snr
UrbanSound8K/wav_by_fold/fold3/62837-7-0-7.wav,urbansound8k,low_snr
UrbanSound8K/wav_by_fold/fold3/62837-7-0-8.wav,urbansound8k,low_snr
UrbanSound8K/wav_by_fold/fold3/62837-7-0-9.wav,urbansound8k,low_snr
UrbanSound8K/wav_by_fold/fold3/62837-7-1-1.wav,urbansound8k,low_snr
UrbanSound8K/wav_by_fold/fold3/62837-7-1-11.wav,urbansound8k,low_snr
UrbanSound8K/wav_by_fold/fold3/62837-7-1-15.wav,urbansound8k,low_snr
UrbanSound8K/wav_by_fold/fold3/62837-7-1-2.wav,urbansound8k,low_snr
UrbanSound8K/wav_by_fold/fold3/62837-7-1-21.wav,urbansound8k,low_snr
UrbanSound8K/wav_by_fold/fold3/62837-7-1-22.wav,urbansound8k,low_snr
UrbanSound8K/wav_by_fold/fold3/62837-7-1-24.wav,urbansound8k,low_snr
UrbanSound8K/wav_by_fold/fold3/62837-7-1-3.wav,urbansound8k,low_snr
UrbanSound8K/wav_by_fold/fold3/62837-7-1-31.wav,urbansound8k,low_snr
UrbanSound8K/wav_by_fold/fold3/62837-7-1-32.wav,urbansound8k,low_snr
UrbanSound8K/wav_by_fold/fold3/62837-7-1-33.wav,urbansound8k,low_snr
UrbanSound8K/wav_by_fold/fold3/62837-7-1-35.wav,urbansound8k,low_snr
UrbanSound8K/wav_by_fold/fold3/62837-7-1-4.wav,urbansound8k,low_snr
UrbanSound8K/wav_by_fold/fold3/62837-7-1-41.wav,urbansound8k,low_snr
UrbanSound8K/wav_by_fold/fold3/62837-7-1-51.wav,urbansound8k,low_snr
UrbanSound8K/wav_by_fold/fold3/62837-7-1-53.wav,urbansound8k,low_snr
UrbanSound8K/wav_by_fold/fold3/62837-7-1-54.wav,urbansound8k,low_snr
UrbanSound8K/wav_by_fold/fold3/62837-7-1-55.wav,urbansound8k,low_snr
UrbanSound8K/wav_by_fold/fold3/62837-7-1-56.wav,urbansound8k,low_snr
UrbanSound8K/wav_by_fold/fold3/62837-7-1-61.wav,urbansound8k,low_snr
UrbanSound8K/wav_by_fold/fold3/62837-7-1-62.wav,urbansound8k,low_snr
UrbanSound8K/wav_by_fold/fold3/62837-7-1-72.wav,urbansound8k,low_snr
UrbanSound8K/wav_by_fold/fold3/62837-7-1-73.wav,urbansound8k,low_snr
UrbanSound8K/wav_by_fold/fold3/62837-7-1-80.wav,urbansound8k,low_snr
UrbanSound8K/wav_by_fold/fold3/62837-7-1-81.wav,urbansound8k,low_snr
UrbanSound8K/wav_by_fold/fold3/63095-4-0-1.wav,urbansound8k,low_snr
UrbanSound8K/wav_by_fold/fold3/63095-4-0-10.wav,urbansound8k,low_snr
UrbanSound8K/wav_by_fold/fold3/63095-4-0-14.wav,urbansound8k,low_snr
UrbanSound8K/wav_by_fold/fold3/63095-4-0-16.wav,urbansound8k,low_snr
UrbanSound8K/wav_by_fold/fold3/63095-4-0-20.wav,urbansound8k,low_snr
UrbanSound8K/wav_by_fold/fold3/63095-4-0-21.wav,urbansound8k,low_snr
UrbanSound8K/wav_by_fold/fold3/63095-4-0-26.wav,urbansound8k,low_snr
UrbanSound8K/wav_by_fold/fold3/63095-4-0-28.wav,urbansound8k,low_snr
UrbanSound8K/wav_by_fold/fold3/63095-4-0-4.wav,urbansound8k,low_snr
UrbanSound8K/wav_by_fold/fold3/63095-4-1-19.wav,urbansound8k,low_snr
UrbanSound8K/wav_by_fold/fold3/63095-4-1-20.wav,urbansound8k,low_snr
UrbanSound8K/wav_by_fold/fold3/63095-4-1-27.wav,urbansound8k,low_snr
UrbanSound8K/wav_by_fold/fold3/63095-4-1-4.wav,urbansound8k,low_snr
UrbanSound8K/wav_by_fold/fold3/6988-5-0-2.wav,urbansound8k,low_snr
UrbanSound8K/wav_by_fold/fold3/6988-5-0-3.wav,urbansound8k,low_snr
UrbanSound8K/wav_by_fold/fold3/72537-3-0-2.wav,urbansound8k,clipped
UrbanSound8K/wav_by_fold/fold3/72537-3-0-6.wav,urbansound8k,clipped
UrbanSound8K/wav_by_fold/fold3/72537-3-0-8.wav,urbansound8k,clipped
UrbanSound8K/wav_by_fold/fold4/110621-7-0-1.wav,urbansound8k,low_snr
UrbanSound8K/wav_by_fold/fold4/110621-7-0-2.wav,urbansound8k,low_snr
UrbanSound8K/wav_by_fold/fold4/115415-9-0-6.wav,urbansound8k,low_snr
UrbanSound8K/wav_by_fold/fold4/128160-5-0-1.wav,urbansound8k,low_snr
UrbanSound8K/wav_by_fold/fold4/128160-5-0-13.wav,urbansound8k,low_snr
UrbanSound8K/wav_by_fold/fold4/128160-5-0-14.wav,urbansound8k,low_snr
UrbanSound8K/wav_by_fold/fold4/128160-5-0-15.wav,urbansound8k,low_snr
UrbanSound8K/wav_by_fold/fold4/128160-5-0-2.wav,urbansound8k,low_snr
UrbanSound8K/wav_by_fold/fold4/128160-5-0-3.wav,urbansound8k,low_snr
UrbanSound8K/wav_by_fold/fold4/128607-4-0-0.wav,urbansound8k,low_snr
UrbanSound8K/wav_by_fold/fold4/128607-4-0-1.wav,urbansound8k,low_snr
UrbanSound8K/wav_by_fold/fold4/128607-4-1-1.wav,urbansound8k,low_snr
UrbanSound8K/wav_by_fold/fold4/144007-5-0-1.wav,urbansound8k,low_snr
UrbanSound8K/wav_by_fold/fold4/144007-5-0-10.wav,urbansound8k,low_snr
UrbanSound8K/wav_by_fold/fold4/144007-5-0-11.wav,urbansound8k,low_snr
UrbanSound8K/wav_by_fold/fold4/144007-5-0-12.wav,urbansound8k,low_snr
UrbanSound8K/wav_by_fold/fold4/144007-5-0-13.wav,urbansound8k,low_snr
UrbanSound8K/wav_by_fold/fold4/144007-5-0-14.wav,urbansound8k,low_snr
UrbanSound8K/wav_by_fold/fold4/144007-5-0-15.wav,urbansound8k,low_snr
UrbanSound8K/wav_by_fold/fold4/144007-5-0-16.wav,urbansound8k,low_snr
UrbanSound8K/wav_by_fold/fold4/144007-5-0-17.wav,urbansound8k,low_snr
UrbanSound8K/wav_by_fold/fold4/144007-5-0-2.wav,urbansound8k,low_snr
UrbanSound8K/wav_by_fold/fold4/144007-5-0-21.wav,urbansound8k,low_snr
UrbanSound8K/wav_by_fold/fold4/144007-5-0-7.wav,urbansound8k,low_snr
UrbanSound8K/wav_by_fold/fold4/144007-5-0-8.wav,urbansound8k,low_snr
UrbanSound8K/wav_by_fold/fold4/144007-5-0-9.wav,urbansound8k,low_snr
UrbanSound8K/wav_by_fold/fold4/144007-5-1-0.wav,urbansound8k,low_snr
UrbanSound8K/wav_by_fold/fold4/144007-5-1-1.wav,urbansound8k,low_snr
UrbanSound8K/wav_by_fold/fold4/144007-5-1-10.wav,urbansound8k,low_snr
UrbanSound8K/wav_by_fold/fold4/144007-5-1-11.wav,urbansound8k,low_snr
UrbanSound8K/wav_by_fold/fold4/144007-5-1-2.wav,urbansound8k,low_snr
UrbanSound8K/wav_by_fold/fold4/144007-5-1-3.wav,urbansound8k,low_snr
UrbanSound8K/wav_by_fold/fold4/144007-5-1-4.wav,urbansound8k,low_snr
UrbanSound8K/wav_by_fold/fold4/144007-5-1-5.wav,urbansound8k,low_snr
UrbanSound8K/wav_by_fold/fold4/144007-5-1-6.wav,urbansound8k,low_snr
UrbanSound8K/wav_by_fold/fold4/144007-5-1-7.wav,urbansound8k,low_snr
UrbanSound8K/wav_by_fold/fold4/144007-5-1-8.wav,urbansound8k,low_snr
UrbanSound8K/wav_by_fold/fold4/144007-5-1-9.wav,urbansound8k,low_snr
UrbanSound8K/wav_by_fold/fold4/144351-4-2-2.wav,urbansound8k,low_snr
UrbanSound8K/wav_by_fold/fold4/144351-4-2-4.wav,urbansound8k,low_snr
UrbanSound8K/wav_by_fold/fold4/144351-4-2-5.wav,urbansound8k,low_snr
UrbanSound8K/wav_by_fold/fold4/144351-4-3-1.wav,urbansound8k,low_snr
UrbanSound8K/wav_by_fold/fold4/144351-4-3-10.wav,urbansound8k,low_snr
UrbanSound8K/wav_by_fold/fold4/144351-4-3-11.wav,urbansound8k,low_snr
UrbanSound8K/wav_by_fold/fold4/144351-4-3-2.wav,urbansound8k,low_snr
UrbanSound8K/wav_by_fold/fold4/146709-0-0-17.wav,urbansound8k,low_snr
UrbanSound8K/wav_by_fold/fold4/146709-0-0-18.wav,urbansound8k,low_snr
UrbanSound8K/wav_by_fold/fold4/146709-0-0-26.wav,urbansound8k,low_snr
UrbanSound8K/wav_by_fold/fold4/146709-0-0-30.wav,urbansound8k,low_snr
UrbanSound8K/wav_by_fold/fold4/146709-0-0-33.wav,urbansound8k,low_snr
UrbanSound8K/wav_by_fold/fold4/146709-0-0-53.wav,urbansound8k,low_snr
UrbanSound8K/wav_by_fold/fold4/146709-0-0-65.wav,urbansound8k,low_snr
UrbanSound8K/wav_by_fold/fold4/146709-0-0-68.wav,urbansound8k,low_snr
UrbanSound8K/wav_by_fold/fold4/146709-0-0-7.wav,urbansound8k,low_snr
UrbanSound8K/wav_by_fold/fold4/148463-7-2-0.wav,urbansound8k,low_snr
UrbanSound8K/wav_by_fold/fold4/148463-7-3-10.wav,urbansound8k,low_snr
UrbanSound8K/wav_by_fold/fold4/148463-7-3-5.wav,urbansound8k,low_snr
UrbanSound8K/wav_by_fold/fold4/151005-4-0-1.wav,urbansound8k,low_snr
UrbanSound8K/wav_by_fold/fold4/151005-4-0-2.wav,urbansound8k,low_snr
UrbanSound8K/wav_by_fold/fold4/151005-4-1-1.wav,urbansound8k,low_snr
UrbanSound8K/wav_by_fold/fold4/151005-4-2-1.wav,urbansound8k,low_snr
UrbanSound8K/wav_by_fold/fold4/151005-4-3-1.wav,urbansound8k,low_snr
UrbanSound8K/wav_by_fold/fold4/151877-5-1-0.wav,urbansound8k,low_snr
UrbanSound8K/wav_by_fold/fold4/154758-5-0-0.wav,urbansound8k,low_snr
UrbanSound8K/wav_by_fold/fold4/154758-5-0-1.wav,urbansound8k,low_snr
UrbanSound8K/wav_by_fold/fold4/154758-5-0-10.wav,urbansound8k,low_snr
UrbanSound8K/wav_by_fold/fold4/154758-5-0-11.wav,urbansound8k,low_snr
UrbanSound8K/wav_by_fold/fold4/154758-5-0-12.wav,urbansound8k,low_snr
UrbanSound8K/wav_by_fold/fold4/154758-5-0-13.wav,urbansound8k,low_snr
UrbanSound8K/wav_by_fold/fold4/154758-5-0-14.wav,urbansound8k,low_snr
UrbanSound8K/wav_by_fold/fold4/154758-5-0-15.wav,urbansound8k,low_snr
UrbanSound8K/wav_by_fold/fold4/154758-5-0-16.wav,urbansound8k,low_snr
UrbanSound8K/wav_by_fold/fold4/154758-5-0-17.wav,urbansound8k,low_snr
UrbanSound8K/wav_by_fold/fold4/154758-5-0-18.wav,urbansound8k,low_snr
UrbanSound8K/wav_by_fold/fold4/154758-5-0-19.wav,urbansound8k,low_snr
UrbanSound8K/wav_by_fold/fold4/154758-5-0-2.wav,urbansound8k,low_snr
UrbanSound8K/wav_by_fold/fold4/154758-5-0-20.wav,urbansound8k,low_snr
UrbanSound8K/wav_by_fold/fold4/154758-5-0-21.wav,urbansound8k,low_snr
UrbanSound8K/wav_by_fold/fold4/154758-5-0-3.wav,urbansound8k,low_snr
UrbanSound8K/wav_by_fold/fold4/154758-5-0-4.wav,urbansound8k,low_snr
UrbanSound8K/wav_by_fold/fold4/154758-5-0-5.wav,urbansound8k,low_snr
UrbanSound8K/wav_by_fold/fold4/154758-5-0-6.wav,urbansound8k,low_snr
UrbanSound8K/wav_by_fold/fold4/154758-5-0-7.wav,urbansound8k,low_snr
UrbanSound8K/wav_by_fold/fold4/154758-5-0-8.wav,urbansound8k,low_snr
UrbanSound8K/wav_by_fold/fold4/154758-5-0-9.wav,urbansound8k,low_snr
UrbanSound8K/wav_by_fold/fold4/156362-4-0-2.wav,urbansound8k,low_snr
UrbanSound8K/wav_by_fold/fold4/156362-4-0-3.wav,urbansound8k,low_snr
UrbanSound8K/wav_by_fold/fold4/156362-4-2-0.wav,urbansound8k,low_snr
UrbanSound8K/wav_by_fold/fold4/156362-4-3-0.wav,urbansound8k,low_snr
UrbanSound8K/wav_by_fold/fold4/156362-4-3-1.wav,urbansound8k,low_snr
UrbanSound8K/wav_by_fold/fold4/156362-4-3-2.wav,urbansound8k,low_snr
UrbanSound8K/wav_by_fold/fold4/156362-4-3-3.wav,urbansound8k,low_snr
UrbanSound8K/wav_by_fold/fold4/156362-4-3-6.wav,urbansound8k,low_snr
UrbanSound8K/wav_by_fold/fold4/156362-4-3-7.wav,urbansound8k,low_snr
UrbanSound8K/wav_by_fold/fold4/159176-3-0-0.wav,urbansound8k,clipped
UrbanSound8K/wav_by_fold/fold4/161010-1-1-0.wav,urbansound8k,low_snr
UrbanSound8K/wav_by_fold/fold4/161010-1-3-0.wav,urbansound8k,low_snr
UrbanSound8K/wav_by_fold/fold4/16692-5-0-10.wav,urbansound8k,low_snr
UrbanSound8K/wav_by_fold/fold4/16692-5-0-2.wav,urbansound8k,low_snr
UrbanSound8K/wav_by_fold/fold4/16692-5-0-3.wav,urbansound8k,low_snr
UrbanSound8K/wav_by_fold/fold4/16692-5-0-4.wav,urbansound8k,low_snr
UrbanSound8K/wav_by_fold/fold4/16692-5-0-5.wav,urbansound8k,low_snr
UrbanSound8K/wav_by_fold/fold4/16692-5-0-6.wav,urbansound8k,low_snr
UrbanSound8K/wav_by_fold/fold4/16692-5-0-7.wav,urbansound8k,low_snr
UrbanSound8K/wav_by_fold/fold4/16692-5-0-8.wav,urbansound8k,low_snr
UrbanSound8K/wav_by_fold/fold4/16692-5-0-9.wav,urbansound8k,low_snr
UrbanSound8K/wav_by_fold/fold4/171249-1-1-0.wav,urbansound8k,low_snr
UrbanSound8K/wav_by_fold/fold4/176003-1-0-0.wav,urbansound8k,clipped
UrbanSound8K/wav_by_fold/fold4/180977-3-1-0.wav,urbansound8k,clipped
UrbanSound8K/wav_by_fold/fold4/180977-3-1-1.wav,urbansound8k,clipped
UrbanSound8K/wav_by_fold/fold4/180977-3-1-5.wav,urbansound8k,clipped
UrbanSound8K/wav_by_fold/fold4/187377-4-0-0.wav,urbansound8k,low_snr
UrbanSound8K/wav_by_fold/fold4/187377-4-0-1.wav,urbansound8k,low_snr
UrbanSound8K/wav_by_fold/fold4/195969-0-0-10.wav,urbansound8k,low_snr
UrbanSound8K/wav_by_fold/fold4/195969-0-0-12.wav,urbansound8k,low_snr
UrbanSound8K/wav_by_fold/fold4/195969-0-0-13.wav,urbansound8k,low_snr
UrbanSound8K/wav_by_fold/fold4/195969-0-0-14.wav,urbansound8k,low_snr
UrbanSound8K/wav_by_fold/fold4/195969-0-0-15.wav,urbansound8k,low_snr
UrbanSound8K/wav_by_fold/fold4/195969-0-0-17.wav,urbansound8k,low_snr
UrbanSound8K/wav_by_fold/fold4/195969-0-0-18.wav,urbansound8k,low_snr
UrbanSound8K/wav_by_fold/fold4/195969-0-0-19.wav,urbansound8k,low_snr
UrbanSound8K/wav_by_fold/fold4/195969-0-0-20.wav,urbansound8k,low_snr
UrbanSound8K/wav_by_fold/fold4/195969-0-0-21.wav,urbansound8k,low_snr
UrbanSound8K/wav_by_fold/fold4/195969-0-0-22.wav,urbansound8k,low_snr
UrbanSound8K/wav_by_fold/fold4/195969-0-0-24.wav,urbansound8k,low_snr
UrbanSound8K/wav_by_fold/fold4/195969-0-0-25.wav,urbansound8k,low_snr
UrbanSound8K/wav_by_fold/fold4/195969-0-0-26.wav,urbansound8k,low_snr
UrbanSound8K/wav_by_fold/fold4/195969-0-0-28.wav,urbansound8k,low_snr
UrbanSound8K/wav_by_fold/fold4/195969-0-0-4.wav,urbansound8k,low_snr
UrbanSound8K/wav_by_fold/fold4/195969-0-0-5.wav,urbansound8k,low_snr
UrbanSound8K/wav_by_fold/fold4/195969-0-0-6.wav,urbansound8k,low_snr
UrbanSound8K/wav_by_fold/fold4/195969-0-0-7.wav,urbansound8k,low_snr
UrbanSound8K/wav_by_fold/fold4/195969-0-0-8.wav,urbansound8k,low_snr
UrbanSound8K/wav_by_fold/fold4/195969-0-0-9.wav,urbansound8k,low_snr
UrbanSound8K/wav_by_fold/fold4/204765-1-0-0.wav,urbansound8k,low_snr
UrbanSound8K/wav_by_fold/fold4/209864-5-0-0.wav,urbansound8k,low_snr
UrbanSound8K/wav_by_fold/fold4/209864-5-0-1.wav,urbansound8k,low_snr
UrbanSound8K/wav_by_fold/fold4/209864-5-0-2.wav,urbansound8k,low_snr
UrbanSound8K/wav_by_fold/fold4/22883-7-110-1.wav,urbansound8k,low_snr
UrbanSound8K/wav_by_fold/fold4/22883-7-43-2.wav,urbansound8k,low_snr
UrbanSound8K/wav_by_fold/fold4/22883-7-54-0.wav,urbansound8k,low_snr
UrbanSound8K/wav_by_fold/fold4/22883-7-63-0.wav,urbansound8k,low_snr
UrbanSound8K/wav_by_fold/fold4/22883-7-72-0.wav,urbansound8k,low_snr
UrbanSound8K/wav_by_fold/fold4/22883-7-74-0.wav,urbansound8k,low_snr
UrbanSound8K/wav_by_fold/fold4/22883-7-77-0.wav,urbansound8k,low_snr
UrbanSound8K/wav_by_fold/fold4/22883-7-86-0.wav,urbansound8k,low_snr
UrbanSound8K/wav_by_fold/fold4/22883-7-99-2.wav,urbansound8k,low_snr
UrbanSound8K/wav_by_fold/fold4/22883-7-99-3.wav,urbansound8k,low_snr
UrbanSound8K/wav_by_fold/fold4/24347-8-0-27.wav,urbansound8k,low_snr
UrbanSound8K/wav_by_fold/fold4/29722-4-0-0.wav,urbansound8k,low_snr
UrbanSound8K/wav_by_fold/fold4/29722-4-0-1.wav,urbansound8k,low_snr
UrbanSound8K/wav_by_fold/fold4/29722-4-0-2.wav,urbansound8k,low_snr
UrbanSound8K/wav_by_fold/fold4/29722-4-0-3.wav,urbansound8k,low_snr
UrbanSound8K/wav_by_fold/fold4/29722-4-0-4.wav,urbansound8k,low_snr
UrbanSound8K/wav_by_fold/fold4/29722-4-0-5.wav,urbansound8k,low_snr
UrbanSound8K/wav_by_fold/fold4/44278-1-1-0.wav,urbansound8k,low_snr
UrbanSound8K/wav_by_fold/fold4/50661-5-0-0.wav,urbansound8k,low_snr
UrbanSound8K/wav_by_fold/fold4/50661-5-0-1.wav,urbansound8k,low_snr
UrbanSound8K/wav_by_fold/fold4/50661-5-0-2.wav,urbansound8k,low_snr
UrbanSound8K/wav_by_fold/fold4/50661-5-0-3.wav,urbansound8k,low_snr
UrbanSound8K/wav_by_fold/fold4/50661-5-0-4.wav,urbansound8k,low_snr
UrbanSound8K/wav_by_fold/fold4/50661-5-0-5.wav,urbansound8k,low_snr
UrbanSound8K/wav_by_fold/fold4/7389-1-3-0.wav,urbansound8k,low_snr
UrbanSound8K/wav_by_fold/fold5/100852-0-0-0.wav,urbansound8k,low_snr
UrbanSound8K/wav_by_fold/fold5/100852-0-0-1.wav,urbansound8k,low_snr
UrbanSound8K/wav_by_fold/fold5/100852-0-0-10.wav,urbansound8k,low_snr
UrbanSound8K/wav_by_fold/fold5/100852-0-0-11.wav,urbansound8k,low_snr
UrbanSound8K/wav_by_fold/fold5/100852-0-0-12.wav,urbansound8k,low_snr
UrbanSound8K/wav_by_fold/fold5/100852-0-0-13.wav,urbansound8k,low_snr
UrbanSound8K/wav_by_fold/fold5/100852-0-0-14.wav,urbansound8k,low_snr
UrbanSound8K/wav_by_fold/fold5/100852-0-0-15.wav,urbansound8k,low_snr
UrbanSound8K/wav_by_fold/fold5/100852-0-0-16.wav,urbansound8k,low_snr
UrbanSound8K/wav_by_fold/fold5/100852-0-0-17.wav,urbansound8k,low_snr
UrbanSound8K/wav_by_fold/fold5/100852-0-0-18.wav,urbansound8k,low_snr
UrbanSound8K/wav_by_fold/fold5/100852-0-0-19.wav,urbansound8k,low_snr
UrbanSound8K/wav_by_fold/fold5/100852-0-0-2.wav,urbansound8k,low_snr
UrbanSound8K/wav_by_fold/fold5/100852-0-0-20.wav,urbansound8k,low_snr
UrbanSound8K/wav_by_fold/fold5/100852-0-0-21.wav,urbansound8k,low_snr
UrbanSound8K/wav_by_fold/fold5/100852-0-0-22.wav,urbansound8k,low_snr
UrbanSound8K/wav_by_fold/fold5/100852-0-0-23.wav,urbansound8k,low_snr
UrbanSound8K/wav_by_fold/fold5/100852-0-0-24.wav,urbansound8k,low_snr
UrbanSound8K/wav_by_fold/fold5/100852-0-0-25.wav,urbansound8k,low_snr
UrbanSound8K/wav_by_fold/fold5/100852-0-0-26.wav,urbansound8k,low_snr
UrbanSound8K/wav_by_fold/fold5/100852-0-0-27.wav,urbansound8k,low_snr
UrbanSound8K/wav_by_fold/fold5/100852-0-0-28.wav,urbansound8k,low_snr
UrbanSound8K/wav_by_fold/fold5/100852-0-0-29.wav,urbansound8k,low_snr
UrbanSound8K/wav_by_fold/fold5/100852-0-0-3.wav,urbansound8k,low_snr
UrbanSound8K/wav_by_fold/fold5/100852-0-0-30.wav,urbansound8k,low_snr
UrbanSound8K/wav_by_fold/fold5/100852-0-0-4.wav,urbansound8k,low_snr
UrbanSound8K/wav_by_fold/fold5/100852-0-0-5.wav,urbansound8k,low_snr
UrbanSound8K/wav_by_fold/fold5/100852-0-0-6.wav,urbansound8k,low_snr
UrbanSound8K/wav_by_fold/fold5/100852-0-0-9.wav,urbansound8k,low_snr
UrbanSound8K/wav_by_fold/fold5/104998-7-10-13.wav,urbansound8k,low_snr
UrbanSound8K/wav_by_fold/fold5/104998-7-10-15.wav,urbansound8k,low_snr
UrbanSound8K/wav_by_fold/fold5/104998-7-10-8.wav,urbansound8k,low_snr
UrbanSound8K/wav_by_fold/fold5/104998-7-10-9.wav,urbansound8k,low_snr
UrbanSound8K/wav_by_fold/fold5/104998-7-11-2.wav,urbansound8k,low_snr
UrbanSound8K/wav_by_fold/fold5/104998-7-16-10.wav,urbansound8k,low_snr
UrbanSound8K/wav_by_fold/fold5/104998-7-16-11.wav,urbansound8k,low_snr
UrbanSound8K/wav_by_fold/fold5/104998-7-16-5.wav,urbansound8k,low_snr
UrbanSound8K/wav_by_fold/fold5/104998-7-16-6.wav,urbansound8k,low_snr
UrbanSound8K/wav_by_fold/fold5/104998-7-16-7.wav,urbansound8k,low_snr
UrbanSound8K/wav_by_fold/fold5/116163-3-0-0.wav,urbansound8k,too_short
UrbanSound8K/wav_by_fold/fold5/116163-3-1-0.wav,urbansound8k,low_snr
UrbanSound8K/wav_by_fold/fold5/121286-0-0-0.wav,urbansound8k,low_snr
UrbanSound8K/wav_by_fold/fold5/121286-0-0-15.wav,urbansound8k,low_snr
UrbanSound8K/wav_by_fold/fold5/131199-3-0-0.wav,urbansound8k,too_short
UrbanSound8K/wav_by_fold/fold5/157648-8-0-0.wav,urbansound8k,low_snr
UrbanSound8K/wav_by_fold/fold5/17578-5-0-0.wav,urbansound8k,low_snr
UrbanSound8K/wav_by_fold/fold5/17578-5-0-1.wav,urbansound8k,low_snr
UrbanSound8K/wav_by_fold/fold5/17578-5-0-10.wav,urbansound8k,low_snr
UrbanSound8K/wav_by_fold/fold5/17578-5-0-11.wav,urbansound8k,low_snr
UrbanSound8K/wav_by_fold/fold5/17578-5-0-12.wav,urbansound8k,low_snr
UrbanSound8K/wav_by_fold/fold5/17578-5-0-14.wav,urbansound8k,low_snr
UrbanSound8K/wav_by_fold/fold5/17578-5-0-15.wav,urbansound8k,low_snr
UrbanSound8K/wav_by_fold/fold5/17578-5-0-16.wav,urbansound8k,low_snr
UrbanSound8K/wav_by_fold/fold5/17578-5-0-18.wav,urbansound8k,low_snr
UrbanSound8K/wav_by_fold/fold5/17578-5-0-2.wav,urbansound8k,low_snr
UrbanSound8K/wav_by_fold/fold5/17578-5-0-21.wav,urbansound8k,low_snr
UrbanSound8K/wav_by_fold/fold5/17578-5-0-22.wav,urbansound8k,low_snr
UrbanSound8K/wav_by_fold/fold5/17578-5-0-23.wav,urbansound8k,low_snr
UrbanSound8K/wav_by_fold/fold5/17578-5-0-24.wav,urbansound8k,low_snr
UrbanSound8K/wav_by_fold/fold5/17578-5-0-25.wav,urbansound8k,low_snr
UrbanSound8K/wav_by_fold/fold5/17578-5-0-26.wav,urbansound8k,low_snr
UrbanSound8K/wav_by_fold/fold5/17578-5-0-27.wav,urbansound8k,low_snr
UrbanSound8K/wav_by_fold/fold5/17578-5-0-28.wav,urbansound8k,low_snr
UrbanSound8K/wav_by_fold/fold5/17578-5-0-29.wav,urbansound8k,low_snr
UrbanSound8K/wav_by_fold/fold5/17578-5-0-3.wav,urbansound8k,low_snr
UrbanSound8K/wav_by_fold/fold5/17578-5-0-30.wav,urbansound8k,low_snr
UrbanSound8K/wav_by_fold/fold5/17578-5-0-31.wav,urbansound8k,low_snr
UrbanSound8K/wav_by_fold/fold5/17578-5-0-32.wav,urbansound8k,low_snr
UrbanSound8K/wav_by_fold/fold5/17578-5-0-33.wav,urbansound8k,low_snr
UrbanSound8K/wav_by_fold/fold5/17578-5-0-34.wav,urbansound8k,low_snr
UrbanSound8K/wav_by_fold/fold5/17578-5-0-35.wav,urbansound8k,low_snr
UrbanSound8K/wav_by_fold/fold5/17578-5-0-4.wav,urbansound8k,low_snr
UrbanSound8K/wav_by_fold/fold5/17578-5-0-5.wav,urbansound8k,low_snr
UrbanSound8K/wav_by_fold/fold5/17578-5-0-6.wav,urbansound8k,low_snr
UrbanSound8K/wav_by_fold/fold5/17578-5-0-7.wav,urbansound8k,low_snr
UrbanSound8K/wav_by_fold/fold5/17578-5-0-8.wav,urbansound8k,low_snr
UrbanSound8K/wav_by_fold/fold5/17578-5-0-9.wav,urbansound8k,low_snr
UrbanSound8K/wav_by_fold/fold5/178260-7-3-5.wav,urbansound8k,low_snr
UrbanSound8K/wav_by_fold/fold5/180125-4-1-3.wav,urbansound8k,low_snr
UrbanSound8K/wav_by_fold/fold5/180125-4-1-5.wav,urbansound8k,low_snr
UrbanSound8K/wav_by_fold/fold5/180125-4-1-7.wav,urbansound8k,low_snr
UrbanSound8K/wav_by_fold/fold5/180125-4-1-8.wav,urbansound8k,low_snr
UrbanSound8K/wav_by_fold/fold5/180125-4-2-1.wav,urbansound8k,low_snr
UrbanSound8K/wav_by_fold/fold5/180125-4-2-13.wav,urbansound8k,low_snr
UrbanSound8K/wav_by_fold/fold5/180125-4-3-10.wav,urbansound8k,low_snr
UrbanSound8K/wav_by_fold/fold5/180125-4-3-22.wav,urbansound8k,low_snr
UrbanSound8K/wav_by_fold/fold5/180125-4-3-24.wav,urbansound8k,low_snr
UrbanSound8K/wav_by_fold/fold5/180125-4-3-4.wav,urbansound8k,low_snr
UrbanSound8K/wav_by_fold/fold5/180128-4-17-0.wav,urbansound8k,low_snr
UrbanSound8K/wav_by_fold/fold5/187920-7-0-0.wav,urbansound8k,low_snr
UrbanSound8K/wav_by_fold/fold5/187920-7-1-0.wav,urbansound8k,low_snr
UrbanSound8K/wav_by_fold/fold5/187920-7-1-1.wav,urbansound8k,low_snr
UrbanSound8K/wav_by_fold/fold5/187920-7-1-2.wav,urbansound8k,low_snr
UrbanSound8K/wav_by_fold/fold5/197243-3-0-0.wav,urbansound8k,clipped
UrbanSound8K/wav_by_fold/fold5/197243-3-1-0.wav,urbansound8k,clipped
UrbanSound8K/wav_by_fold/fold5/203516-3-0-0.wav,urbansound8k,clipped
UrbanSound8K/wav_by_fold/fold5/203962-5-0-0.wav,urbansound8k,low_snr
UrbanSound8K/wav_by_fold/fold5/203962-5-0-1.wav,urbansound8k,low_snr
UrbanSound8K/wav_by_fold/fold5/21187-5-0-0.wav,urbansound8k,low_snr
UrbanSound8K/wav_by_fold/fold5/23219-5-0-0.wav,urbansound8k,low_snr
UrbanSound8K/wav_by_fold/fold5/23219-5-0-1.wav,urbansound8k,low_snr
UrbanSound8K/wav_by_fold/fold5/23219-5-0-10.wav,urbansound8k,low_snr
UrbanSound8K/wav_by_fold/fold5/23219-5-0-11.wav,urbansound8k,low_snr
UrbanSound8K/wav_by_fold/fold5/23219-5-0-12.wav,urbansound8k,low_snr
UrbanSound8K/wav_by_fold/fold5/23219-5-0-13.wav,urbansound8k,low_snr
UrbanSound8K/wav_by_fold/fold5/23219-5-0-2.wav,urbansound8k,low_snr
UrbanSound8K/wav_by_fold/fold5/23219-5-0-3.wav,urbansound8k,low_snr
UrbanSound8K/wav_by_fold/fold5/23219-5-0-4.wav,urbansound8k,low_snr
UrbanSound8K/wav_by_fold/fold5/23219-5-0-5.wav,urbansound8k,low_snr
UrbanSound8K/wav_by_fold/fold5/23219-5-0-6.wav,urbansound8k,low_snr
UrbanSound8K/wav_by_fold/fold5/23219-5-0-7.wav,urbansound8k,low_snr
UrbanSound8K/wav_by_fold/fold5/23219-5-0-8.wav,urbansound8k,low_snr
UrbanSound8K/wav_by_fold/fold5/23219-5-0-9.wav,urbansound8k,low_snr
UrbanSound8K/wav_by_fold/fold5/23219-5-1-0.wav,urbansound8k,low_snr
UrbanSound8K/wav_by_fold/fold5/23219-5-1-1.wav,urbansound8k,low_snr
UrbanSound8K/wav_by_fold/fold5/23219-5-1-2.wav,urbansound8k,low_snr
UrbanSound8K/wav_by_fold/fold5/26177-1-0-0.wav,urbansound8k,too_short
UrbanSound8K/wav_by_fold/fold5/26184-5-1-0.wav,urbansound8k,low_snr
UrbanSound8K/wav_by_fold/fold5/31150-2-0-24.wav,urbansound8k,low_snr
UrbanSound8K/wav_by_fold/fold5/36263-9-0-12.wav,urbansound8k,clipped
UrbanSound8K/wav_by_fold/fold5/36263-9-0-13.wav,urbansound8k,clipped
UrbanSound8K/wav_by_fold/fold5/36263-9-0-17.wav,urbansound8k,clipped
UrbanSound8K/wav_by_fold/fold5/39533-4-0-0.wav,urbansound8k,clipped
UrbanSound8K/wav_by_fold/fold5/43787-3-0-0.wav,urbansound8k,clipped
UrbanSound8K/wav_by_fold/fold5/43787-3-1-0.wav,urbansound8k,clipped
UrbanSound8K/wav_by_fold/fold5/43787-3-2-0.wav,urbansound8k,clipped
UrbanSound8K/wav_by_fold/fold5/43803-1-0-0.wav,urbansound8k,too_short
UrbanSound8K/wav_by_fold/fold5/45256-1-0-0.wav,urbansound8k,too_short
UrbanSound8K/wav_by_fold/fold5/46391-1-1-0.wav,urbansound8k,low_snr
UrbanSound8K/wav_by_fold/fold5/50413-4-0-1.wav,urbansound8k,low_snr
UrbanSound8K/wav_by_fold/fold5/52102-1-0-0.wav,urbansound8k,low_snr
UrbanSound8K/wav_by_fold/fold5/58382-3-0-0.wav,urbansound8k,clipped
UrbanSound8K/wav_by_fold/fold5/62566-5-0-0.wav,urbansound8k,low_snr
UrbanSound8K/wav_by_fold/fold5/62566-5-0-1.wav,urbansound8k,low_snr
UrbanSound8K/wav_by_fold/fold5/62566-5-0-2.wav,urbansound8k,low_snr
UrbanSound8K/wav_by_fold/fold5/62566-5-0-3.wav,urbansound8k,low_snr
UrbanSound8K/wav_by_fold/fold5/62566-5-0-4.wav,urbansound8k,low_snr
UrbanSound8K/wav_by_fold/fold5/62566-5-0-5.wav,urbansound8k,low_snr
UrbanSound8K/wav_by_fold/fold5/62566-5-0-6.wav,urbansound8k,low_snr
UrbanSound8K/wav_by_fold/fold5/62566-5-0-7.wav,urbansound8k,low_snr
UrbanSound8K/wav_by_fold/fold5/62566-5-1-1.wav,urbansound8k,low_snr
UrbanSound8K/wav_by_fold/fold5/65381-3-0-3.wav,urbansound8k,clipped
UrbanSound8K/wav_by_fold/fold5/65381-3-0-6.wav,urbansound8k,clipped
UrbanSound8K/wav_by_fold/fold5/65381-3-0-7.wav,urbansound8k,clipped
UrbanSound8K/wav_by_fold/fold5/71171-4-1-1.wav,urbansound8k,low_snr
UrbanSound8K/wav_by_fold/fold5/71439-1-1-0.wav,urbansound8k,too_short
UrbanSound8K/wav_by_fold/fold5/71439-1-3-0.wav,urbansound8k,low_snr
UrbanSound8K/wav_by_fold/fold5/72259-1-3-0.wav,urbansound8k,low_snr
UrbanSound8K/wav_by_fold/fold5/72259-1-5-1.wav,urbansound8k,low_snr
UrbanSound8K/wav_by_fold/fold5/77233-3-0-105.wav,urbansound8k,low_snr
UrbanSound8K/wav_by_fold/fold5/77774-4-0-2.wav,urbansound8k,low_snr
UrbanSound8K/wav_by_fold/fold5/77774-4-0-3.wav,urbansound8k,low_snr
UrbanSound8K/wav_by_fold/fold5/77774-4-1-0.wav,urbansound8k,low_snr
UrbanSound8K/wav_by_fold/fold5/77774-4-1-1.wav,urbansound8k,low_snr
UrbanSound8K/wav_by_fold/fold5/84699-4-0-0.wav,urbansound8k,low_snr
UrbanSound8K/wav_by_fold/fold5/89724-5-0-1.wav,urbansound8k,low_snr
UrbanSound8K/wav_by_fold/fold5/89724-5-0-2.wav,urbansound8k,low_snr
UrbanSound8K/wav_by_fold/fold5/89724-5-0-3.wav,urbansound8k,low_snr
UrbanSound8K/wav_by_fold/fold5/89724-5-0-4.wav,urbansound8k,low_snr
UrbanSound8K/wav_by_fold/fold5/89724-5-0-5.wav,urbansound8k,low_snr
UrbanSound8K/wav_by_fold/fold5/91533-5-0-0.wav,urbansound8k,low_snr
UrbanSound8K/wav_by_fold/fold5/91533-5-0-1.wav,urbansound8k,low_snr
UrbanSound8K/wav_by_fold/fold5/91533-5-0-2.wav,urbansound8k,low_snr
UrbanSound8K/wav_by_fold/fold5/91533-5-0-3.wav,urbansound8k,low_snr
UrbanSound8K/wav_by_fold/fold6/107842-4-0-0.wav,urbansound8k,low_snr
UrbanSound8K/wav_by_fold/fold6/111386-5-0-0.wav,urbansound8k,low_snr
UrbanSound8K/wav_by_fold/fold6/111386-5-0-1.wav,urbansound8k,low_snr
UrbanSound8K/wav_by_fold/fold6/111386-5-0-5.wav,urbansound8k,low_snr
UrbanSound8K/wav_by_fold/fold6/111386-5-0-6.wav,urbansound8k,low_snr
UrbanSound8K/wav_by_fold/fold6/111386-5-0-7.wav,urbansound8k,low_snr
UrbanSound8K/wav_by_fold/fold6/111386-5-1-13.wav,urbansound8k,low_snr
UrbanSound8K/wav_by_fold/fold6/111386-5-1-14.wav,urbansound8k,low_snr
UrbanSound8K/wav_by_fold/fold6/111386-5-1-2.wav,urbansound8k,low_snr
UrbanSound8K/wav_by_fold/fold6/111386-5-1-3.wav,urbansound8k,low_snr
UrbanSound8K/wav_by_fold/fold6/111386-5-1-4.wav,urbansound8k,low_snr
UrbanSound8K/wav_by_fold/fold6/111386-5-1-8.wav,urbansound8k,low_snr
UrbanSound8K/wav_by_fold/fold6/111386-5-1-9.wav,urbansound8k,low_snr
UrbanSound8K/wav_by_fold/fold6/117271-3-0-0.wav,urbansound8k,clipped
UrbanSound8K/wav_by_fold/fold6/117271-3-0-1.wav,urbansound8k,clipped
UrbanSound8K/wav_by_fold/fold6/117271-3-0-2.wav,urbansound8k,clipped
UrbanSound8K/wav_by_fold/fold6/117271-3-0-3.wav,urbansound8k,clipped
UrbanSound8K/wav_by_fold/fold6/121285-0-0-7.wav,urbansound8k,low_snr
UrbanSound8K/wav_by_fold/fold6/121285-0-0-9.wav,urbansound8k,low_snr
UrbanSound8K/wav_by_fold/fold6/124389-8-1-10.wav,urbansound8k,low_snr
UrbanSound8K/wav_by_fold/fold6/124389-8-1-11.wav,urbansound8k,low_snr
UrbanSound8K/wav_by_fold/fold6/124389-8-1-12.wav,urbansound8k,low_snr
UrbanSound8K/wav_by_fold/fold6/124389-8-1-13.wav,urbansound8k,low_snr
UrbanSound8K/wav_by_fold/fold6/124389-8-1-14.wav,urbansound8k,low_snr
UrbanSound8K/wav_by_fold/fold6/124389-8-1-15.wav,urbansound8k,low_snr
UrbanSound8K/wav_by_fold/fold6/124389-8-1-16.wav,urbansound8k,low_snr
UrbanSound8K/wav_by_fold/fold6/124389-8-1-17.wav,urbansound8k,low_snr
UrbanSound8K/wav_by_fold/fold6/124389-8-1-18.wav,urbansound8k,low_snr
UrbanSound8K/wav_by_fold/fold6/124389-8-1-3.wav,urbansound8k,clipped
UrbanSound8K/wav_by_fold/fold6/124389-8-1-4.wav,urbansound8k,clipped
UrbanSound8K/wav_by_fold/fold6/124389-8-1-9.wav,urbansound8k,low_snr
UrbanSound8K/wav_by_fold/fold6/125554-3-0-0.wav,urbansound8k,clipped
UrbanSound8K/wav_by_fold/fold6/125574-3-0-0.wav,urbansound8k,clipped
UrbanSound8K/wav_by_fold/fold6/128891-3-0-2.wav,urbansound8k,clipped
UrbanSound8K/wav_by_fold/fold6/128891-3-0-4.wav,urbansound8k,clipped
UrbanSound8K/wav_by_fold/fold6/128891-3-0-5.wav,urbansound8k,clipped
UrbanSound8K/wav_by_fold/fold6/135160-8-0-0.wav,urbansound8k,low_snr
UrbanSound8K/wav_by_fold/fold6/135160-8-0-1.wav,urbansound8k,low_snr
UrbanSound8K/wav_by_fold/fold6/135160-8-0-10.wav,urbansound8k,low_snr
UrbanSound8K/wav_by_fold/fold6/135160-8-0-11.wav,urbansound8k,low_snr
UrbanSound8K/wav_by_fold/fold6/135160-8-0-2.wav,urbansound8k,low_snr
UrbanSound8K/wav_by_fold/fold6/135160-8-0-5.wav,urbansound8k,low_snr
UrbanSound8K/wav_by_fold/fold6/135160-8-0-6.wav,urbansound8k,low_snr
UrbanSound8K/wav_by_fold/fold6/135160-8-0-7.wav,urbansound8k,low_snr
UrbanSound8K/wav_by_fold/fold6/135160-8-0-8.wav,urbansound8k,low_snr
UrbanSound8K/wav_by_fold/fold6/135160-8-0-9.wav,urbansound8k,low_snr
UrbanSound8K/wav_by_fold/fold6/143115-1-0-0.wav,urbansound8k,low_snr
UrbanSound8K/wav_by_fold/fold6/162702-1-0-0.wav,urbansound8k,too_short
UrbanSound8K/wav_by_fold/fold6/166931-4-0-1.wav,urbansound8k,low_snr
UrbanSound8K/wav_by_fold/fold6/166931-4-1-4.wav,urbansound8k,low_snr
UrbanSound8K/wav_by_fold/fold6/166931-4-2-3.wav,urbansound8k,low_snr
UrbanSound8K/wav_by_fold/fold6/166931-4-3-1.wav,urbansound8k,low_snr
UrbanSound8K/wav_by_fold/fold6/166931-4-3-2.wav,urbansound8k,low_snr
UrbanSound8K/wav_by_fold/fold6/166931-4-4-2.wav,urbansound8k,low_snr
UrbanSound8K/wav_by_fold/fold6/166931-4-4-3.wav,urbansound8k,low_snr
UrbanSound8K/wav_by_fold/fold6/204240-0-0-34.wav,urbansound8k,low_snr
UrbanSound8K/wav_by_fold/fold6/24364-4-0-1.wav,urbansound8k,low_snr
UrbanSound8K/wav_by_fold/fold6/24364-4-0-11.wav,urbansound8k,low_snr
UrbanSound8K/wav_by_fold/fold6/24364-4-0-2.wav,urbansound8k,low_snr
UrbanSound8K/wav_by_fold/fold6/24364-4-0-3.wav,urbansound8k,low_snr
UrbanSound8K/wav_by_fold/fold6/24364-4-0-4.wav,urbansound8k,low_snr
UrbanSound8K/wav_by_fold/fold6/24364-4-0-5.wav,urbansound8k,low_snr
UrbanSound8K/wav_by_fold/fold6/24364-4-0-6.wav,urbansound8k,low_snr
UrbanSound8K/wav_by_fold/fold6/34643-4-1-1.wav,urbansound8k,low_snr
UrbanSound8K/wav_by_fold/fold6/34643-4-2-0.wav,urbansound8k,low_snr
UrbanSound8K/wav_by_fold/fold6/34643-4-2-1.wav,urbansound8k,low_snr
UrbanSound8K/wav_by_fold/fold6/34643-4-2-2.wav,urbansound8k,low_snr
UrbanSound8K/wav_by_fold/fold6/39852-5-0-0.wav,urbansound8k,clipped
UrbanSound8K/wav_by_fold/fold6/39852-5-0-1.wav,urbansound8k,clipped
UrbanSound8K/wav_by_fold/fold6/39854-5-0-0.wav,urbansound8k,clipped
UrbanSound8K/wav_by_fold/fold6/39854-5-1-0.wav,urbansound8k,clipped
UrbanSound8K/wav_by_fold/fold6/39854-5-1-1.wav,urbansound8k,clipped
UrbanSound8K/wav_by_fold/fold6/39854-5-1-2.wav,urbansound8k,clipped
UrbanSound8K/wav_by_fold/fold6/39854-5-1-3.wav,urbansound8k,clipped
UrbanSound8K/wav_by_fold/fold6/39854-5-1-4.wav,urbansound8k,clipped
UrbanSound8K/wav_by_fold/fold6/39884-5-0-1.wav,urbansound8k,low_snr
UrbanSound8K/wav_by_fold/fold6/39884-5-0-2.wav,urbansound8k,low_snr
UrbanSound8K/wav_by_fold/fold6/39884-5-0-3.wav,urbansound8k,low_snr
UrbanSound8K/wav_by_fold/fold6/39884-5-0-4.wav,urbansound8k,low_snr
UrbanSound8K/wav_by_fold/fold6/43802-1-0-0.wav,urbansound8k,too_short
UrbanSound8K/wav_by_fold/fold6/43802-1-1-0.wav,urbansound8k,too_short
UrbanSound8K/wav_by_fold/fold6/43802-1-2-0.wav,urbansound8k,too_short
UrbanSound8K/wav_by_fold/fold6/46299-2-0-36.wav,urbansound8k,low_snr
UrbanSound8K/wav_by_fold/fold6/47160-0-0-1.wav,urbansound8k,low_snr
UrbanSound8K/wav_by_fold/fold6/47160-0-0-2.wav,urbansound8k,low_snr
UrbanSound8K/wav_by_fold/fold6/47160-0-0-3.wav,urbansound8k,low_snr
UrbanSound8K/wav_by_fold/fold6/47160-0-0-4.wav,urbansound8k,low_snr
UrbanSound8K/wav_by_fold/fold6/4912-3-0-0.wav,urbansound8k,too_short
UrbanSound8K/wav_by_fold/fold6/4912-3-3-0.wav,urbansound8k,too_short
UrbanSound8K/wav_by_fold/fold6/52882-2-0-11.wav,urbansound8k,low_snr
UrbanSound8K/wav_by_fold/fold6/52882-2-0-3.wav,urbansound8k,low_snr
UrbanSound8K/wav_by_fold/fold6/52882-2-0-4.wav,urbansound8k,low_snr
UrbanSound8K/wav_by_fold/fold6/52882-2-0-6.wav,urbansound8k,low_snr
UrbanSound8K/wav_by_fold/fold6/52882-2-0-7.wav,urbansound8k,low_snr
UrbanSound8K/wav_by_fold/fold6/52882-2-0-8.wav,urbansound8k,low_snr
UrbanSound8K/wav_by_fold/fold6/58005-4-0-17.wav,urbansound8k,low_snr
UrbanSound8K/wav_by_fold/fold6/58005-4-0-23.wav,urbansound8k,low_snr
UrbanSound8K/wav_by_fold/fold6/58005-4-0-24.wav,urbansound8k,low_snr
UrbanSound8K/wav_by_fold/fold6/58005-4-0-30.wav,urbansound8k,low_snr
UrbanSound8K/wav_by_fold/fold6/58005-4-0-32.wav,urbansound8k,low_snr
UrbanSound8K/wav_by_fold/fold6/58005-4-0-44.wav,urbansound8k,low_snr
UrbanSound8K/wav_by_fold/fold6/58005-4-0-51.wav,urbansound8k,low_snr
UrbanSound8K/wav_by_fold/fold6/58005-4-0-63.wav,urbansound8k,low_snr
UrbanSound8K/wav_by_fold/fold6/58005-4-0-68.wav,urbansound8k,low_snr
UrbanSound8K/wav_by_fold/fold6/58005-4-0-76.wav,urbansound8k,low_snr
UrbanSound8K/wav_by_fold/fold6/62564-5-0-1.wav,urbansound8k,low_snr
UrbanSound8K/wav_by_fold/fold6/62564-5-0-10.wav,urbansound8k,low_snr
UrbanSound8K/wav_by_fold/fold6/62564-5-0-2.wav,urbansound8k,low_snr
UrbanSound8K/wav_by_fold/fold6/62564-5-0-3.wav,urbansound8k,low_snr
UrbanSound8K/wav_by_fold/fold6/62564-5-0-4.wav,urbansound8k,low_snr
UrbanSound8K/wav_by_fold/fold6/62564-5-0-5.wav,urbansound8k,low_snr
UrbanSound8K/wav_by_fold/fold6/62564-5-0-6.wav,urbansound8k,low_snr
UrbanSound8K/wav_by_fold/fold6/62564-5-0-7.wav,urbansound8k,low_snr
UrbanSound8K/wav_by_fold/fold6/62564-5-0-8.wav,urbansound8k,low_snr
UrbanSound8K/wav_by_fold/fold6/62564-5-0-9.wav,urbansound8k,low_snr
UrbanSound8K/wav_by_fold/fold6/66623-4-0-2.wav,urbansound8k,low_snr
UrbanSound8K/wav_by_fold/fold6/82317-1-0-0.wav,urbansound8k,low_snr
UrbanSound8K/wav_by_fold/fold6/83680-5-0-0.wav,urbansound8k,low_snr
UrbanSound8K/wav_by_fold/fold6/83680-5-0-3.wav,urbansound8k,low_snr
UrbanSound8K/wav_by_fold/fold6/94632-5-0-13.wav,urbansound8k,low_snr
UrbanSound8K/wav_by_fold/fold6/94632-5-0-14.wav,urbansound8k,low_snr
UrbanSound8K/wav_by_fold/fold6/94632-5-0-25.wav,urbansound8k,low_snr
UrbanSound8K/wav_by_fold/fold6/94632-5-0-27.wav,urbansound8k,low_snr
UrbanSound8K/wav_by_fold/fold6/94632-5-0-28.wav,urbansound8k,low_snr
UrbanSound8K/wav_by_fold/fold6/94632-5-0-29.wav,urbansound8k,low_snr
UrbanSound8K/wav_by_fold/fold6/94632-5-1-13.wav,urbansound8k,low_snr
UrbanSound8K/wav_by_fold/fold6/94632-5-1-23.wav,urbansound8k,low_snr
UrbanSound8K/wav_by_fold/fold6/94632-5-1-26.wav,urbansound8k,low_snr
UrbanSound8K/wav_by_fold/fold6/94632-5-1-28.wav,urbansound8k,low_snr
UrbanSound8K/wav_by_fold/fold6/94632-5-1-30.wav,urbansound8k,low_snr
UrbanSound8K/wav_by_fold/fold6/94632-5-1-7.wav,urbansound8k,low_snr
UrbanSound8K/wav_by_fold/fold6/94632-5-1-9.wav,urbansound8k,low_snr
UrbanSound8K/wav_by_fold/fold7/102853-8-0-5.wav,urbansound8k,low_snr
UrbanSound8K/wav_by_fold/fold7/102853-8-1-0.wav,urbansound8k,low_snr
UrbanSound8K/wav_by_fold/fold7/127443-4-0-10.wav,urbansound8k,low_snr
UrbanSound8K/wav_by_fold/fold7/127443-4-0-12.wav,urbansound8k,low_snr
UrbanSound8K/wav_by_fold/fold7/127443-4-0-2.wav,urbansound8k,low_snr
UrbanSound8K/wav_by_fold/fold7/127443-4-0-3.wav,urbansound8k,low_snr
UrbanSound8K/wav_by_fold/fold7/127443-4-0-4.wav,urbansound8k,low_snr
UrbanSound8K/wav_by_fold/fold7/127443-4-0-5.wav,urbansound8k,low_snr
UrbanSound8K/wav_by_fold/fold7/127443-4-0-6.wav,urbansound8k,low_snr
UrbanSound8K/wav_by_fold/fold7/127443-4-0-7.wav,urbansound8k,low_snr
UrbanSound8K/wav_by_fold/fold7/127443-4-0-8.wav,urbansound8k,low_snr
UrbanSound8K/wav_by_fold/fold7/127443-4-0-9.wav,urbansound8k,low_snr
UrbanSound8K/wav_by_fold/fold7/146845-0-0-9.wav,urbansound8k,low_snr
UrbanSound8K/wav_by_fold/fold7/14772-7-1-0.wav,urbansound8k,low_snr
UrbanSound8K/wav_by_fold/fold7/14772-7-5-0.wav,urbansound8k,low_snr
UrbanSound8K/wav_by_fold/fold7/14772-7-6-0.wav,urbansound8k,low_snr
UrbanSound8K/wav_by_fold/fold7/14772-7-7-0.wav,urbansound8k,low_snr
UrbanSound8K/wav_by_fold/fold7/14772-7-9-0.wav,urbansound8k,low_snr
UrbanSound8K/wav_by_fold/fold7/165644-4-0-0.wav,urbansound8k,low_snr
UrbanSound8K/wav_by_fold/fold7/168846-5-1-10.wav,urbansound8k,low_snr
UrbanSound8K/wav_by_fold/fold7/168846-5-1-11.wav,urbansound8k,low_snr
UrbanSound8K/wav_by_fold/fold7/168846-5-1-12.wav,urbansound8k,low_snr
UrbanSound8K/wav_by_fold/fold7/168846-5-1-6.wav,urbansound8k,low_snr
UrbanSound8K/wav_by_fold/fold7/168846-5-1-7.wav,urbansound8k,low_snr
UrbanSound8K/wav_by_fold/fold7/168846-5-1-9.wav,urbansound8k,low_snr
UrbanSound8K/wav_by_fold/fold7/170243-1-0-0.wav,urbansound8k,too_short
UrbanSound8K/wav_by_fold/fold7/177537-7-0-13.wav,urbansound8k,low_snr
UrbanSound8K/wav_by_fold/fold7/177537-7-0-15.wav,urbansound8k,low_snr
UrbanSound8K/wav_by_fold/fold7/177537-7-0-16.wav,urbansound8k,low_snr
UrbanSound8K/wav_by_fold/fold7/177537-7-0-17.wav,urbansound8k,low_snr
UrbanSound8K/wav_by_fold/fold7/177537-7-0-18.wav,urbansound8k,low_snr
UrbanSound8K/wav_by_fold/fold7/177537-7-0-19.wav,urbansound8k,low_snr
UrbanSound8K/wav_by_fold/fold7/177537-7-0-20.wav,urbansound8k,low_snr
UrbanSound8K/wav_by_fold/fold7/177537-7-0-22.wav,urbansound8k,low_snr
UrbanSound8K/wav_by_fold/fold7/177537-7-0-26.wav,urbansound8k,low_snr
UrbanSound8K/wav_by_fold/fold7/177537-7-0-27.wav,urbansound8k,low_snr
UrbanSound8K/wav_by_fold/fold7/177537-7-0-28.wav,urbansound8k,low_snr
UrbanSound8K/wav_by_fold/fold7/177537-7-0-29.wav,urbansound8k,low_snr
UrbanSound8K/wav_by_fold/fold7/177537-7-0-30.wav,urbansound8k,low_snr
UrbanSound8K/wav_by_fold/fold7/177537-7-0-31.wav,urbansound8k,low_snr
UrbanSound8K/wav_by_fold/fold7/177537-7-1-1.wav,urbansound8k,low_snr
UrbanSound8K/wav_by_fold/fold7/177537-7-1-10.wav,urbansound8k,low_snr
UrbanSound8K/wav_by_fold/fold7/177537-7-1-2.wav,urbansound8k,low_snr
UrbanSound8K/wav_by_fold/fold7/177537-7-1-3.wav,urbansound8k,low_snr
UrbanSound8K/wav_by_fold/fold7/177537-7-1-4.wav,urbansound8k,low_snr
UrbanSound8K/wav_by_fold/fold7/177537-7-1-5.wav,urbansound8k,low_snr
UrbanSound8K/wav_by_fold/fold7/177537-7-1-6.wav,urbansound8k,low_snr
UrbanSound8K/wav_by_fold/fold7/177729-0-0-120.wav,urbansound8k,low_snr
UrbanSound8K/wav_by_fold/fold7/177729-0-0-42.wav,urbansound8k,low_snr
UrbanSound8K/wav_by_fold/fold7/177729-0-0-58.wav,urbansound8k,low_snr
UrbanSound8K/wav_by_fold/fold7/177729-0-0-73.wav,urbansound8k,low_snr
UrbanSound8K/wav_by_fold/fold7/177729-0-0-74.wav,urbansound8k,low_snr
UrbanSound8K/wav_by_fold/fold7/177729-0-0-80.wav,urbansound8k,low_snr
UrbanSound8K/wav_by_fold/fold7/177729-0-0-83.wav,urbansound8k,low_snr
UrbanSound8K/wav_by_fold/fold7/177729-0-0-89.wav,urbansound8k,low_snr
UrbanSound8K/wav_by_fold/fold7/177729-0-0-91.wav,urbansound8k,low_snr
UrbanSound8K/wav_by_fold/fold7/183894-1-6-0.wav,urbansound8k,low_snr
UrbanSound8K/wav_by_fold/fold7/39857-5-0-0.wav,urbansound8k,clipped
UrbanSound8K/wav_by_fold/fold7/39857-5-0-1.wav,urbansound8k,clipped
UrbanSound8K/wav_by_fold/fold7/39857-5-0-2.wav,urbansound8k,clipped
UrbanSound8K/wav_by_fold/fold7/39857-5-1-0.wav,urbansound8k,clipped
UrbanSound8K/wav_by_fold/fold7/39857-5-1-1.wav,urbansound8k,clipped
UrbanSound8K/wav_by_fold/fold7/39857-5-1-2.wav,urbansound8k,clipped
UrbanSound8K/wav_by_fold/fold7/39857-5-1-3.wav,urbansound8k,clipped
UrbanSound8K/wav_by_fold/fold7/39857-5-2-0.wav,urbansound8k,clipped
UrbanSound8K/wav_by_fold/fold7/39857-5-3-0.wav,urbansound8k,clipped
UrbanSound8K/wav_by_fold/fold7/39857-5-4-0.wav,urbansound8k,clipped
UrbanSound8K/wav_by_fold/fold7/39857-5-5-0.wav,urbansound8k,clipped
UrbanSound8K/wav_by_fold/fold7/39857-5-5-1.wav,urbansound8k,clipped
UrbanSound8K/wav_by_fold/fold7/43784-3-0-0.wav,urbansound8k,too_short
UrbanSound8K/wav_by_fold/fold7/43805-8-1-0.wav,urbansound8k,too_short
UrbanSound8K/wav_by_fold/fold7/43805-8-2-0.wav,urbansound8k,too_short
UrbanSound8K/wav_by_fold/fold7/44737-5-0-0.wav,urbansound8k,low_snr
UrbanSound8K/wav_by_fold/fold7/44737-5-0-1.wav,urbansound8k,low_snr
UrbanSound8K/wav_by_fold/fold7/44737-5-0-2.wav,urbansound8k,low_snr
UrbanSound8K/wav_by_fold/fold7/44737-5-0-3.wav,urbansound8k,low_snr
UrbanSound8K/wav_by_fold/fold7/49313-2-0-20.wav,urbansound8k,low_snr
UrbanSound8K/wav_by_fold/fold7/50629-4-0-0.wav,urbansound8k,low_snr
UrbanSound8K/wav_by_fold/fold7/50629-4-4-0.wav,urbansound8k,low_snr
UrbanSound8K/wav_by_fold/fold7/50629-4-4-3.wav,urbansound8k,low_snr
UrbanSound8K/wav_by_fold/fold7/50629-4-4-9.wav,urbansound8k,low_snr
UrbanSound8K/wav_by_fold/fold7/518-4-0-2.wav,urbansound8k,low_snr
UrbanSound8K/wav_by_fold/fold7/66619-2-0-0.wav,urbansound8k,low_snr
UrbanSound8K/wav_by_fold/fold7/66619-2-0-1.wav,urbansound8k,low_snr
UrbanSound8K/wav_by_fold/fold7/66619-2-0-11.wav,urbansound8k,low_snr
UrbanSound8K/wav_by_fold/fold7/66619-2-0-18.wav,urbansound8k,low_snr
UrbanSound8K/wav_by_fold/fold7/66619-2-0-5.wav,urbansound8k,low_snr
UrbanSound8K/wav_by_fold/fold7/71529-4-0-1.wav,urbansound8k,low_snr
UrbanSound8K/wav_by_fold/fold7/71529-4-1-3.wav,urbansound8k,low_snr
UrbanSound8K/wav_by_fold/fold7/74965-4-0-1.wav,urbansound8k,low_snr
UrbanSound8K/wav_by_fold/fold7/74965-4-0-2.wav,urbansound8k,low_snr
UrbanSound8K/wav_by_fold/fold7/74965-4-1-1.wav,urbansound8k,low_snr
UrbanSound8K/wav_by_fold/fold7/81788-2-0-44.wav,urbansound8k,low_snr
UrbanSound8K/wav_by_fold/fold7/81799-3-0-1.wav,urbansound8k,low_snr
UrbanSound8K/wav_by_fold/fold7/81799-3-1-0.wav,urbansound8k,low_snr
UrbanSound8K/wav_by_fold/fold7/83488-1-0-0.wav,urbansound8k,low_snr
UrbanSound8K/wav_by_fold/fold7/83488-1-1-0.wav,urbansound8k,too_short
UrbanSound8K/wav_by_fold/fold7/89099-4-0-0.wav,urbansound8k,low_snr
UrbanSound8K/wav_by_fold/fold7/89679-1-0-0.wav,urbansound8k,low_snr
UrbanSound8K/wav_by_fold/fold7/89679-1-1-0.wav,urbansound8k,low_snr
UrbanSound8K/wav_by_fold/fold8/114280-3-0-1.wav,urbansound8k,clipped
UrbanSound8K/wav_by_fold/fold8/125520-1-1-0.wav,urbansound8k,low_snr
UrbanSound8K/wav_by_fold/fold8/125678-7-0-1.wav,urbansound8k,low_snr
UrbanSound8K/wav_by_fold/fold8/125678-7-0-4.wav,urbansound8k,low_snr
UrbanSound8K/wav_by_fold/fold8/125678-7-0-6.wav,urbansound8k,low_snr
UrbanSound8K/wav_by_fold/fold8/125678-7-0-7.wav,urbansound8k,low_snr
UrbanSound8K/wav_by_fold/fold8/125678-7-0-8.wav,urbansound8k,low_snr
UrbanSound8K/wav_by_fold/fold8/125678-7-0-9.wav,urbansound8k,low_snr
UrbanSound8K/wav_by_fold/fold8/125678-7-1-4.wav,urbansound8k,low_snr
UrbanSound8K/wav_by_fold/fold8/125678-7-1-5.wav,urbansound8k,low_snr
UrbanSound8K/wav_by_fold/fold8/125678-7-1-6.wav,urbansound8k,low_snr
UrbanSound8K/wav_by_fold/fold8/125678-7-1-7.wav,urbansound8k,low_snr
UrbanSound8K/wav_by_fold/fold8/125678-7-2-1.wav,urbansound8k,low_snr
UrbanSound8K/wav_by_fold/fold8/125678-7-2-2.wav,urbansound8k,low_snr
UrbanSound8K/wav_by_fold/fold8/125678-7-2-3.wav,urbansound8k,low_snr
UrbanSound8K/wav_by_fold/fold8/125678-7-2-4.wav,urbansound8k,low_snr
UrbanSound8K/wav_by_fold/fold8/125678-7-2-5.wav,urbansound8k,low_snr
UrbanSound8K/wav_by_fold/fold8/125678-7-2-6.wav,urbansound8k,low_snr
UrbanSound8K/wav_by_fold/fold8/125678-7-2-7.wav,urbansound8k,low_snr
UrbanSound8K/wav_by_fold/fold8/125678-7-2-8.wav,urbansound8k,low_snr
UrbanSound8K/wav_by_fold/fold8/125678-7-3-3.wav,urbansound8k,low_snr
UrbanSound8K/wav_by_fold/fold8/125678-7-3-4.wav,urbansound8k,low_snr
UrbanSound8K/wav_by_fold/fold8/125678-7-3-5.wav,urbansound8k,low_snr
UrbanSound8K/wav_by_fold/fold8/125678-7-3-6.wav,urbansound8k,low_snr
UrbanSound8K/wav_by_fold/fold8/125678-7-3-7.wav,urbansound8k,low_snr
UrbanSound8K/wav_by_fold/fold8/125678-7-4-2.wav,urbansound8k,low_snr
UrbanSound8K/wav_by_fold/fold8/125678-7-4-3.wav,urbansound8k,low_snr
UrbanSound8K/wav_by_fold/fold8/125678-7-4-5.wav,urbansound8k,low_snr
UrbanSound8K/wav_by_fold/fold8/125678-7-4-6.wav,urbansound8k,low_snr
UrbanSound8K/wav_by_fold/fold8/125678-7-4-7.wav,urbansound8k,low_snr
UrbanSound8K/wav_by_fold/fold8/125678-7-4-8.wav,urbansound8k,low_snr
UrbanSound8K/wav_by_fold/fold8/144028-3-1-0.wav,urbansound8k,clipped
UrbanSound8K/wav_by_fold/fold8/144028-3-1-1.wav,urbansound8k,clipped
UrbanSound8K/wav_by_fold/fold8/146343-3-0-0.wav,urbansound8k,clipped
UrbanSound8K/wav_by_fold/fold8/156358-5-0-0.wav,urbansound8k,low_snr
UrbanSound8K/wav_by_fold/fold8/156358-5-0-1.wav,urbansound8k,low_snr
UrbanSound8K/wav_by_fold/fold8/156358-5-0-2.wav,urbansound8k,low_snr
UrbanSound8K/wav_by_fold/fold8/156358-5-0-3.wav,urbansound8k,low_snr
UrbanSound8K/wav_by_fold/fold8/156358-5-0-4.wav,urbansound8k,low_snr
UrbanSound8K/wav_by_fold/fold8/156358-5-0-5.wav,urbansound8k,low_snr
UrbanSound8K/wav_by_fold/fold8/156358-5-0-6.wav,urbansound8k,low_snr
UrbanSound8K/wav_by_fold/fold8/157868-8-0-0.wav,urbansound8k,low_snr
UrbanSound8K/wav_by_fold/fold8/157868-8-0-1.wav,urbansound8k,low_snr
UrbanSound8K/wav_by_fold/fold8/157868-8-0-10.wav,urbansound8k,low_snr
UrbanSound8K/wav_by_fold/fold8/157868-8-0-11.wav,urbansound8k,low_snr
UrbanSound8K/wav_by_fold/fold8/157868-8-0-12.wav,urbansound8k,low_snr
UrbanSound8K/wav_by_fold/fold8/157868-8-0-13.wav,urbansound8k,low_snr
UrbanSound8K/wav_by_fold/fold8/157868-8-0-14.wav,urbansound8k,low_snr
UrbanSound8K/wav_by_fold/fold8/157868-8-0-15.wav,urbansound8k,low_snr
UrbanSound8K/wav_by_fold/fold8/157868-8-0-16.wav,urbansound8k,low_snr
UrbanSound8K/wav_by_fold/fold8/157868-8-0-17.wav,urbansound8k,low_snr
UrbanSound8K/wav_by_fold/fold8/157868-8-0-18.wav,urbansound8k,low_snr
UrbanSound8K/wav_by_fold/fold8/157868-8-0-19.wav,urbansound8k,low_snr
UrbanSound8K/wav_by_fold/fold8/157868-8-0-2.wav,urbansound8k,low_snr
UrbanSound8K/wav_by_fold/fold8/157868-8-0-20.wav,urbansound8k,low_snr
UrbanSound8K/wav_by_fold/fold8/157868-8-0-21.wav,urbansound8k,low_snr
UrbanSound8K/wav_by_fold/fold8/157868-8-0-22.wav,urbansound8k,low_snr
UrbanSound8K/wav_by_fold/fold8/157868-8-0-23.wav,urbansound8k,low_snr
UrbanSound8K/wav_by_fold/fold8/157868-8-0-24.wav,urbansound8k,low_snr
UrbanSound8K/wav_by_fold/fold8/157868-8-0-25.wav,urbansound8k,low_snr
UrbanSound8K/wav_by_fold/fold8/157868-8-0-26.wav,urbansound8k,low_snr
UrbanSound8K/wav_by_fold/fold8/157868-8-0-27.wav,urbansound8k,low_snr
UrbanSound8K/wav_by_fold/fold8/157868-8-0-3.wav,urbansound8k,low_snr
UrbanSound8K/wav_by_fold/fold8/157868-8-0-4.wav,urbansound8k,low_snr
UrbanSound8K/wav_by_fold/fold8/157868-8-0-5.wav,urbansound8k,low_snr
UrbanSound8K/wav_by_fold/fold8/157868-8-0-6.wav,urbansound8k,low_snr
UrbanSound8K/wav_by_fold/fold8/157868-8-0-7.wav,urbansound8k,low_snr
UrbanSound8K/wav_by_fold/fold8/157868-8-0-8.wav,urbansound8k,low_snr
UrbanSound8K/wav_by_fold/fold8/157868-8-0-9.wav,urbansound8k,low_snr
UrbanSound8K/wav_by_fold/fold8/161129-4-0-13.wav,urbansound8k,low_snr
UrbanSound8K/wav_by_fold/fold8/162103-0-0-1.wav,urbansound8k,low_snr
UrbanSound8K/wav_by_fold/fold8/162103-0-0-10.wav,urbansound8k,low_snr
UrbanSound8K/wav_by_fold/fold8/162103-0-0-11.wav,urbansound8k,low_snr
UrbanSound8K/wav_by_fold/fold8/162103-0-0-12.wav,urbansound8k,low_snr
UrbanSound8K/wav_by_fold/fold8/162103-0-0-13.wav,urbansound8k,low_snr
UrbanSound8K/wav_by_fold/fold8/162103-0-0-14.wav,urbansound8k,low_snr
UrbanSound8K/wav_by_fold/fold8/162103-0-0-15.wav,urbansound8k,low_snr
UrbanSound8K/wav_by_fold/fold8/162103-0-0-16.wav,urbansound8k,low_snr
UrbanSound8K/wav_by_fold/fold8/162103-0-0-17.wav,urbansound8k,low_snr
UrbanSound8K/wav_by_fold/fold8/162103-0-0-2.wav,urbansound8k,low_snr
UrbanSound8K/wav_by_fold/fold8/162103-0-0-3.wav,urbansound8k,low_snr
UrbanSound8K/wav_by_fold/fold8/162103-0-0-4.wav,urbansound8k,low_snr
UrbanSound8K/wav_by_fold/fold8/162103-0-0-5.wav,urbansound8k,low_snr
UrbanSound8K/wav_by_fold/fold8/162103-0-0-6.wav,urbansound8k,low_snr
UrbanSound8K/wav_by_fold/fold8/162103-0-0-7.wav,urbansound8k,low_snr
UrbanSound8K/wav_by_fold/fold8/162103-0-0-8.wav,urbansound8k,low_snr
UrbanSound8K/wav_by_fold/fold8/162103-0-0-9.wav,urbansound8k,low_snr
UrbanSound8K/wav_by_fold/fold8/175856-1-0-0.wav,urbansound8k,too_short
UrbanSound8K/wav_by_fold/fold8/175856-1-1-0.wav,urbansound8k,too_short
UrbanSound8K/wav_by_fold/fold8/180134-4-1-3.wav,urbansound8k,low_snr
UrbanSound8K/wav_by_fold/fold8/180134-4-1-7.wav,urbansound8k,low_snr
UrbanSound8K/wav_by_fold/fold8/180134-4-1-8.wav,urbansound8k,low_snr
UrbanSound8K/wav_by_fold/fold8/180134-4-1-9.wav,urbansound8k,low_snr
UrbanSound8K/wav_by_fold/fold8/180134-4-2-0.wav,urbansound8k,low_snr
UrbanSound8K/wav_by_fold/fold8/180134-4-2-1.wav,urbansound8k,low_snr
UrbanSound8K/wav_by_fold/fold8/180134-4-2-11.wav,urbansound8k,low_snr
UrbanSound8K/wav_by_fold/fold8/180134-4-2-15.wav,urbansound8k,low_snr
UrbanSound8K/wav_by_fold/fold8/180134-4-2-16.wav,urbansound8k,low_snr
UrbanSound8K/wav_by_fold/fold8/180134-4-2-17.wav,urbansound8k,low_snr
UrbanSound8K/wav_by_fold/fold8/180134-4-2-3.wav,urbansound8k,low_snr
UrbanSound8K/wav_by_fold/fold8/180134-4-2-4.wav,urbansound8k,low_snr
UrbanSound8K/wav_by_fold/fold8/180134-4-2-5.wav,urbansound8k,low_snr
UrbanSound8K/wav_by_fold/fold8/180134-4-2-6.wav,urbansound8k,low_snr
UrbanSound8K/wav_by_fold/fold8/180134-4-2-9.wav,urbansound8k,low_snr
UrbanSound8K/wav_by_fold/fold8/186935-5-0-0.wav,urbansound8k,low_snr
UrbanSound8K/wav_by_fold/fold8/186935-5-0-1.wav,urbansound8k,low_snr
UrbanSound8K/wav_by_fold/fold8/186940-5-0-0.wav,urbansound8k,low_snr
UrbanSound8K/wav_by_fold/fold8/33340-7-10-0.wav,urbansound8k,clipped
UrbanSound8K/wav_by_fold/fold8/33340-7-11-0.wav,urbansound8k,clipped
UrbanSound8K/wav_by_fold/fold8/33340-7-12-0.wav,urbansound8k,clipped
UrbanSound8K/wav_by_fold/fold8/33340-7-13-0.wav,urbansound8k,clipped
UrbanSound8K/wav_by_fold/fold8/33340-7-14-0.wav,urbansound8k,clipped
UrbanSound8K/wav_by_fold/fold8/33340-7-16-0.wav,urbansound8k,clipped
UrbanSound8K/wav_by_fold/fold8/33340-7-7-0.wav,urbansound8k,clipped
UrbanSound8K/wav_by_fold/fold8/33340-7-8-0.wav,urbansound8k,clipped
UrbanSound8K/wav_by_fold/fold8/36429-2-0-13.wav,urbansound8k,low_snr
UrbanSound8K/wav_by_fold/fold8/36429-2-0-15.wav,urbansound8k,low_snr
UrbanSound8K/wav_by_fold/fold8/36429-2-0-18.wav,urbansound8k,low_snr
UrbanSound8K/wav_by_fold/fold8/36429-2-0-23.wav,urbansound8k,low_snr
UrbanSound8K/wav_by_fold/fold8/36429-2-0-6.wav,urbansound8k,low_snr
UrbanSound8K/wav_by_fold/fold8/36429-2-0-7.wav,urbansound8k,low_snr
UrbanSound8K/wav_by_fold/fold8/50668-5-0-2.wav,urbansound8k,low_snr
UrbanSound8K/wav_by_fold/fold8/50668-5-1-0.wav,urbansound8k,low_snr
UrbanSound8K/wav_by_fold/fold8/50668-5-2-0.wav,urbansound8k,low_snr
UrbanSound8K/wav_by_fold/fold8/50668-5-3-0.wav,urbansound8k,low_snr
UrbanSound8K/wav_by_fold/fold8/50668-5-4-0.wav,urbansound8k,low_snr
UrbanSound8K/wav_by_fold/fold8/50668-5-5-0.wav,urbansound8k,low_snr
UrbanSound8K/wav_by_fold/fold8/50668-5-5-1.wav,urbansound8k,low_snr
UrbanSound8K/wav_by_fold/fold8/50668-5-6-0.wav,urbansound8k,low_snr
UrbanSound8K/wav_by_fold/fold8/54383-0-0-0.wav,urbansound8k,low_snr
UrbanSound8K/wav_by_fold/fold8/54383-0-0-1.wav,urbansound8k,low_snr
UrbanSound8K/wav_by_fold/fold8/54383-0-0-10.wav,urbansound8k,low_snr
UrbanSound8K/wav_by_fold/fold8/54383-0-0-11.wav,urbansound8k,low_snr
UrbanSound8K/wav_by_fold/fold8/54383-0-0-2.wav,urbansound8k,low_snr
UrbanSound8K/wav_by_fold/fold8/54383-0-0-4.wav,urbansound8k,low_snr
UrbanSound8K/wav_by_fold/fold8/54383-0-0-5.wav,urbansound8k,low_snr
UrbanSound8K/wav_by_fold/fold8/54383-0-0-6.wav,urbansound8k,low_snr
UrbanSound8K/wav_by_fold/fold8/54383-0-0-7.wav,urbansound8k,low_snr
UrbanSound8K/wav_by_fold/fold8/54383-0-0-8.wav,urbansound8k,low_snr
UrbanSound8K/wav_by_fold/fold8/54383-0-0-9.wav,urbansound8k,low_snr
UrbanSound8K/wav_by_fold/fold8/68080-7-0-0.wav,urbansound8k,low_snr
UrbanSound8K/wav_by_fold/fold8/68080-7-0-1.wav,urbansound8k,low_snr
UrbanSound8K/wav_by_fold/fold8/7390-9-1-12.wav,urbansound8k,clipped
UrbanSound8K/wav_by_fold/fold8/76085-4-0-35.wav,urbansound8k,low_snr
UrbanSound8K/wav_by_fold/fold8/76085-4-0-37.wav,urbansound8k,low_snr
UrbanSound8K/wav_by_fold/fold8/76085-4-0-38.wav,urbansound8k,low_snr
UrbanSound8K/wav_by_fold/fold8/76085-4-0-6.wav,urbansound8k,low_snr
UrbanSound8K/wav_by_fold/fold8/76085-4-0-89.wav,urbansound8k,low_snr
UrbanSound8K/wav_by_fold/fold8/76266-2-0-50.wav,urbansound8k,low_snr
UrbanSound8K/wav_by_fold/fold8/80589-0-0-0.wav,urbansound8k,low_snr
UrbanSound8K/wav_by_fold/fold8/80589-0-0-1.wav,urbansound8k,low_snr
UrbanSound8K/wav_by_fold/fold8/80589-0-0-2.wav,urbansound8k,low_snr
UrbanSound8K/wav_by_fold/fold8/80589-0-0-3.wav,urbansound8k,low_snr
UrbanSound8K/wav_by_fold/fold8/80589-0-0-4.wav,urbansound8k,low_snr
UrbanSound8K/wav_by_fold/fold8/81787-2-0-14.wav,urbansound8k,low_snr
UrbanSound8K/wav_by_fold/fold8/99179-9-0-58.wav,urbansound8k,low_snr
UrbanSound8K/wav_by_fold/fold9/103249-5-0-1.wav,urbansound8k,low_snr
UrbanSound8K/wav_by_fold/fold9/103249-5-0-11.wav,urbansound8k,low_snr
UrbanSound8K/wav_by_fold/fold9/103249-5-0-12.wav,urbansound8k,low_snr
UrbanSound8K/wav_by_fold/fold9/103249-5-0-13.wav,urbansound8k,low_snr
UrbanSound8K/wav_by_fold/fold9/103249-5-0-14.wav,urbansound8k,low_snr
UrbanSound8K/wav_by_fold/fold9/103249-5-0-2.wav,urbansound8k,low_snr
UrbanSound8K/wav_by_fold/fold9/103249-5-0-3.wav,urbansound8k,low_snr
UrbanSound8K/wav_by_fold/fold9/103249-5-0-4.wav,urbansound8k,low_snr
UrbanSound8K/wav_by_fold/fold9/103249-5-0-5.wav,urbansound8k,low_snr
UrbanSound8K/wav_by_fold/fold9/105029-7-2-13.wav,urbansound8k,low_snr
UrbanSound8K/wav_by_fold/fold9/105029-7-2-14.wav,urbansound8k,low_snr
UrbanSound8K/wav_by_fold/fold9/105029-7-2-15.wav,urbansound8k,low_snr
UrbanSound8K/wav_by_fold/fold9/105029-7-2-7.wav,urbansound8k,low_snr
UrbanSound8K/wav_by_fold/fold9/105029-7-2-8.wav,urbansound8k,low_snr
UrbanSound8K/wav_by_fold/fold9/105029-7-2-9.wav,urbansound8k,low_snr
UrbanSound8K/wav_by_fold/fold9/105029-7-3-1.wav,urbansound8k,low_snr
UrbanSound8K/wav_by_fold/fold9/105029-7-3-2.wav,urbansound8k,low_snr
UrbanSound8K/wav_by_fold/fold9/105029-7-3-3.wav,urbansound8k,low_snr
UrbanSound8K/wav_by_fold/fold9/105029-7-3-5.wav,urbansound8k,low_snr
UrbanSound8K/wav_by_fold/fold9/105029-7-3-7.wav,urbansound8k,low_snr
UrbanSound8K/wav_by_fold/fold9/119449-5-0-0.wav,urbansound8k,low_snr
UrbanSound8K/wav_by_fold/fold9/119449-5-0-1.wav,urbansound8k,low_snr
UrbanSound8K/wav_by_fold/fold9/119449-5-0-2.wav,urbansound8k,low_snr
UrbanSound8K/wav_by_fold/fold9/119449-5-0-3.wav,urbansound8k,low_snr
UrbanSound8K/wav_by_fold/fold9/119449-5-0-4.wav,urbansound8k,low_snr
UrbanSound8K/wav_by_fold/fold9/119449-5-0-5.wav,urbansound8k,low_snr
UrbanSound8K/wav_by_fold/fold9/119449-5-0-6.wav,urbansound8k,low_snr
UrbanSound8K/wav_by_fold/fold9/119809-7-0-0.wav,urbansound8k,low_snr
UrbanSound8K/wav_by_fold/fold9/119809-7-0-2.wav,urbansound8k,low_snr
UrbanSound8K/wav_by_fold/fold9/119809-7-0-3.wav,urbansound8k,low_snr
UrbanSound8K/wav_by_fold/fold9/119809-7-0-4.wav,urbansound8k,low_snr
UrbanSound8K/wav_by_fold/fold9/119809-7-0-6.wav,urbansound8k,low_snr
UrbanSound8K/wav_by_fold/fold9/137815-4-0-1.wav,urbansound8k,low_snr
UrbanSound8K/wav_by_fold/fold9/137815-4-0-2.wav,urbansound8k,low_snr
UrbanSound8K/wav_by_fold/fold9/137815-4-0-3.wav,urbansound8k,low_snr
UrbanSound8K/wav_by_fold/fold9/137815-4-0-4.wav,urbansound8k,low_snr
UrbanSound8K/wav_by_fold/fold9/137815-4-0-8.wav,urbansound8k,low_snr
UrbanSound8K/wav_by_fold/fold9/14111-4-0-7.wav,urbansound8k,low_snr
UrbanSound8K/wav_by_fold/fold9/155130-1-0-0.wav,urbansound8k,too_short
UrbanSound8K/wav_by_fold/fold9/171406-9-0-7.wav,urbansound8k,low_snr
UrbanSound8K/wav_by_fold/fold9/171406-9-0-90.wav,urbansound8k,low_snr
UrbanSound8K/wav_by_fold/fold9/175853-1-0-0.wav,urbansound8k,too_short
UrbanSound8K/wav_by_fold/fold9/177620-3-0-20.wav,urbansound8k,low_snr
UrbanSound8K/wav_by_fold/fold9/180156-1-12-0.wav,urbansound8k,too_short
UrbanSound8K/wav_by_fold/fold9/180156-1-2-0.wav,urbansound8k,too_short
UrbanSound8K/wav_by_fold/fold9/180156-1-5-0.wav,urbansound8k,low_snr
UrbanSound8K/wav_by_fold/fold9/180156-1-7-0.wav,urbansound8k,too_short
UrbanSound8K/wav_by_fold/fold9/180937-4-0-19.wav,urbansound8k,low_snr
UrbanSound8K/wav_by_fold/fold9/180937-4-3-12.wav,urbansound8k,low_snr
UrbanSound8K/wav_by_fold/fold9/180937-4-3-9.wav,urbansound8k,low_snr
UrbanSound8K/wav_by_fold/fold9/18592-5-0-1.wav,urbansound8k,low_snr
UrbanSound8K/wav_by_fold/fold9/18592-5-0-2.wav,urbansound8k,low_snr
UrbanSound8K/wav_by_fold/fold9/18592-5-0-3.wav,urbansound8k,low_snr
UrbanSound8K/wav_by_fold/fold9/18592-5-0-4.wav,urbansound8k,low_snr
UrbanSound8K/wav_by_fold/fold9/194310-9-0-35.wav,urbansound8k,clipped
UrbanSound8K/wav_by_fold/fold9/27068-1-0-0.wav,urbansound8k,too_short
UrbanSound8K/wav_by_fold/fold9/39532-4-0-0.wav,urbansound8k,clipped
UrbanSound8K/wav_by_fold/fold9/39856-5-0-0.wav,urbansound8k,clipped
UrbanSound8K/wav_by_fold/fold9/39856-5-0-1.wav,urbansound8k,clipped
UrbanSound8K/wav_by_fold/fold9/39856-5-0-10.wav,urbansound8k,clipped
UrbanSound8K/wav_by_fold/fold9/39856-5-0-11.wav,urbansound8k,clipped
UrbanSound8K/wav_by_fold/fold9/39856-5-0-12.wav,urbansound8k,clipped
UrbanSound8K/wav_by_fold/fold9/39856-5-0-13.wav,urbansound8k,clipped
UrbanSound8K/wav_by_fold/fold9/39856-5-0-14.wav,urbansound8k,clipped
UrbanSound8K/wav_by_fold/fold9/39856-5-0-15.wav,urbansound8k,clipped
UrbanSound8K/wav_by_fold/fold9/39856-5-0-16.wav,urbansound8k,clipped
UrbanSound8K/wav_by_fold/fold9/39856-5-0-17.wav,urbansound8k,clipped
UrbanSound8K/wav_by_fold/fold9/39856-5-0-18.wav,urbansound8k,clipped
UrbanSound8K/wav_by_fold/fold9/39856-5-0-19.wav,urbansound8k,clipped
UrbanSound8K/wav_by_fold/fold9/39856-5-0-2.wav,urbansound8k,clipped
UrbanSound8K/wav_by_fold/fold9/39856-5-0-20.wav,urbansound8k,clipped
UrbanSound8K/wav_by_fold/fold9/39856-5-0-21.wav,urbansound8k,clipped
UrbanSound8K/wav_by_fold/fold9/39856-5-0-22.wav,urbansound8k,clipped
UrbanSound8K/wav_by_fold/fold9/39856-5-0-23.wav,urbansound8k,clipped
UrbanSound8K/wav_by_fold/fold9/39856-5-0-24.wav,urbansound8k,clipped
UrbanSound8K/wav_by_fold/fold9/39856-5-0-25.wav,urbansound8k,clipped
UrbanSound8K/wav_by_fold/fold9/39856-5-0-26.wav,urbansound8k,clipped
UrbanSound8K/wav_by_fold/fold9/39856-5-0-27.wav,urbansound8k,clipped
UrbanSound8K/wav_by_fold/fold9/39856-5-0-28.wav,urbansound8k,clipped
UrbanSound8K/wav_by_fold/fold9/39856-5-0-3.wav,urbansound8k,clipped
UrbanSound8K/wav_by_fold/fold9/39856-5-0-4.wav,urbansound8k,clipped
UrbanSound8K/wav_by_fold/fold9/39856-5-0-5.wav,urbansound8k,clipped
UrbanSound8K/wav_by_fold/fold9/39856-5-0-6.wav,urbansound8k,clipped
UrbanSound8K/wav_by_fold/fold9/39856-5-0-7.wav,urbansound8k,clipped
UrbanSound8K/wav_by_fold/fold9/39856-5-0-8.wav,urbansound8k,clipped
UrbanSound8K/wav_by_fold/fold9/39856-5-0-9.wav,urbansound8k,clipped
UrbanSound8K/wav_by_fold/fold9/50414-4-0-1.wav,urbansound8k,low_snr
UrbanSound8K/wav_by_fold/fold9/52171-3-2-0.wav,urbansound8k,low_snr
UrbanSound8K/wav_by_fold/fold9/54187-1-0-0.wav,urbansound8k,low_snr
UrbanSound8K/wav_by_fold/fold9/54187-1-0-1.wav,urbansound8k,low_snr
UrbanSound8K/wav_by_fold/fold9/54187-1-0-2.wav,urbansound8k,low_snr
UrbanSound8K/wav_by_fold/fold9/54187-1-0-3.wav,urbansound8k,low_snr
UrbanSound8K/wav_by_fold/fold9/54187-1-0-4.wav,urbansound8k,low_snr
UrbanSound8K/wav_by_fold/fold9/54976-4-0-3.wav,urbansound8k,low_snr
UrbanSound8K/wav_by_fold/fold9/54976-4-0-4.wav,urbansound8k,low_snr
UrbanSound8K/wav_by_fold/fold9/54976-4-0-5.wav,urbansound8k,low_snr
UrbanSound8K/wav_by_fold/fold9/54976-4-0-6.wav,urbansound8k,low_snr
UrbanSound8K/wav_by_fold/fold9/57105-3-0-1.wav,urbansound8k,low_snr
UrbanSound8K/wav_by_fold/fold9/57105-3-1-0.wav,urbansound8k,low_snr
UrbanSound8K/wav_by_fold/fold9/62567-5-0-1.wav,urbansound8k,low_snr
UrbanSound8K/wav_by_fold/fold9/62567-5-0-2.wav,urbansound8k,low_snr
UrbanSound8K/wav_by_fold/fold9/62567-5-0-3.wav,urbansound8k,low_snr
UrbanSound8K/wav_by_fold/fold9/62567-5-0-4.wav,urbansound8k,low_snr
UrbanSound8K/wav_by_fold/fold9/62567-5-0-5.wav,urbansound8k,low_snr
UrbanSound8K/wav_by_fold/fold9/62567-5-0-6.wav,urbansound8k,low_snr
UrbanSound8K/wav_by_fold/fold9/62567-5-0-7.wav,urbansound8k,low_snr
UrbanSound8K/wav_by_fold/fold9/62567-5-0-8.wav,urbansound8k,low_snr
UrbanSound8K/wav_by_fold/fold9/62567-5-1-0.wav,urbansound8k,low_snr
UrbanSound8K/wav_by_fold/fold9/71082-4-0-0.wav,urbansound8k,low_snr
UrbanSound8K/wav_by_fold/fold9/71082-4-1-0.wav,urbansound8k,low_snr
UrbanSound8K/wav_by_fold/fold9/72723-3-0-0.wav,urbansound8k,clipped
UrbanSound8K/wav_by_fold/fold9/75743-0-0-1.wav,urbansound8k,low_snr
UrbanSound8K/wav_by_fold/fold9/75743-0-0-11.wav,urbansound8k,low_snr
UrbanSound8K/wav_by_fold/fold9/75743-0-0-12.wav,urbansound8k,low_snr
UrbanSound8K/wav_by_fold/fold9/75743-0-0-13.wav,urbansound8k,low_snr
UrbanSound8K/wav_by_fold/fold9/75743-0-0-16.wav,urbansound8k,low_snr
UrbanSound8K/wav_by_fold/fold9/75743-0-0-17.wav,urbansound8k,low_snr
UrbanSound8K/wav_by_fold/fold9/75743-0-0-18.wav,urbansound8k,low_snr
UrbanSound8K/wav_by_fold/fold9/75743-0-0-19.wav,urbansound8k,low_snr
UrbanSound8K/wav_by_fold/fold9/75743-0-0-2.wav,urbansound8k,low_snr
UrbanSound8K/wav_by_fold/fold9/75743-0-0-20.wav,urbansound8k,low_snr
UrbanSound8K/wav_by_fold/fold9/75743-0-0-21.wav,urbansound8k,low_snr
UrbanSound8K/wav_by_fold/fold9/75743-0-0-22.wav,urbansound8k,low_snr
UrbanSound8K/wav_by_fold/fold9/75743-0-0-23.wav,urbansound8k,low_snr
UrbanSound8K/wav_by_fold/fold9/75743-0-0-3.wav,urbansound8k,low_snr
UrbanSound8K/wav_by_fold/fold9/75743-0-0-4.wav,urbansound8k,low_snr
UrbanSound8K/wav_by_fold/fold9/75743-0-0-5.wav,urbansound8k,low_snr
UrbanSound8K/wav_by_fold/fold9/75743-0-0-6.wav,urbansound8k,low_snr
UrbanSound8K/wav_by_fold/fold9/75743-0-0-7.wav,urbansound8k,low_snr
UrbanSound8K/wav_by_fold/fold9/75743-0-0-8.wav,urbansound8k,low_snr
UrbanSound8K/wav_by_fold/fold9/75743-0-0-9.wav,urbansound8k,low_snr
UrbanSound8K/wav_by_fold/fold9/81117-4-0-3.wav,urbansound8k,low_snr
UrbanSound8K/wav_by_fold/fold9/81117-4-0-4.wav,urbansound8k,low_snr
UrduSpeech/Aggression/SPEAKER_0136_COMEDY_SHOW_003726.wav,urduspeech,low_snr
UrduSpeech/Distress/SPEAKER_0044_PODCAST_004330.wav,urduspeech,low_snr
UrduSpeech/Distress/SPEAKER_0108_VLOGS_002320.wav,urduspeech,low_snr
